cpf,tipo_inscricao,numero_inscricao,data_admissao,data_encerramento,cbo_codigo,competencia,pendencias
10433218196,CNPJ,01338908386379,2016-03-28,,142205,2024-06,"[""cbo_invalido"", ""dados_incompletos""]"
35116155940,CAEPF,78161849593103,2016-06-28,,261105,2024-08,"[""cbo_invalido"", ""competencia_ausente""]"
52553419283,CNPJ,76483503056413,2022-09-21,,411005,2024-08,"[""data_inconsistente"", ""competencia_ausente""]"
24238849696,CEI,32871012269166,2023-05-14,,142105,2024-09,"[""data_inconsistente""]"
18451462704,CAEPF,28148932528809,2017-04-09,,142305,2025-01,"[""dados_incompletos"", ""ausencia_vinculo""]"
39117182278,CNPJ,48963834657871,2015-07-24,2017-10-24,142205,2025-08,"[""dados_incompletos"", ""ausencia_vinculo"", ""inscricao_invalida""]"
03105183473,CAEPF,29973763116566,2020-06-22,,142205,2024-04,[]
51333872624,CEI,31781080132677,2014-10-18,,354805,2024-03,[]
06474687234,CNPJ,09805009788208,2011-10-19,,142305,2025-09,[]
36193990916,CAEPF,99854353462475,2011-08-18,2015-05-18,142410,2024-04,[]
38425135427,CAEPF,49808412411824,2016-04-27,,214505,2024-12,[]
48740164005,CNPJ,42786801128059,2022-05-24,2023-07-24,142205,2024-11,"[""cbo_invalido""]"
33158692322,CEI,02563421607337,2017-11-04,,241205,2024-08,[]
36541458685,CNPJ,14294019655698,2012-08-05,,142410,2024-07,"[""competencia_ausente"", ""ausencia_vinculo"", ""dados_incompletos""]"
56159514846,CEI,64823662994680,2016-10-25,2019-07-25,241205,2025-08,"[""competencia_ausente"", ""data_inconsistente""]"
73872148951,CNPJ,43320037917693,2018-08-12,,252210,2024-05,"[""ausencia_vinculo""]"
63287083172,CEI,88957986872774,2015-07-19,,354120,2025-06,"[""cbo_invalido""]"
71434558122,CNPJ,62316658760366,2023-02-06,,142205,2025-08,"[""cbo_invalido""]"
46688937346,CEI,06562729806990,2011-11-19,,252505,2025-04,[]
46537556464,CNPJ,70805310033092,2015-05-09,2019-05-09,142305,2025-07,"[""data_inconsistente"", ""cbo_invalido""]"
52991241904,CAEPF,66319314919058,2019-08-11,,142305,2025-06,"[""competencia_ausente""]"
71657262849,CAEPF,77694531473799,2018-07-02,,422105,2024-11,[]
35454948083,CNPJ,36783777014363,2016-11-13,,411005,2025-04,"[""competencia_ausente"", ""inscricao_invalida""]"
55744431351,CAEPF,82337498941343,2018-02-04,2018-08-04,214505,2025-06,[]
00842710947,CEI,75204711671902,2013-05-07,,354120,2024-03,"[""inscricao_invalida""]"
69993867749,CEI,49909133412328,2011-09-07,2014-05-07,422105,2025-08,"[""dados_incompletos""]"
44713493618,CNPJ,24210249947174,2019-01-11,,142105,2025-07,"[""inscricao_invalida""]"
06594013990,CAEPF,49027874296717,2017-10-21,,411005,2024-04,"[""competencia_ausente"", ""data_inconsistente""]"
46807154516,CAEPF,08760385977034,2022-04-27,2024-04-27,422105,2025-05,[]
93248086131,CEI,12748467737826,2014-04-11,,142105,2024-05,"[""competencia_ausente"", ""cbo_invalido""]"
84044997278,CEI,55886753396360,2017-02-19,,214505,2025-01,"[""data_inconsistente"", ""dados_incompletos"", ""competencia_ausente""]"
02895171870,CAEPF,26217459615865,2020-12-11,,142205,2025-09,[]
43161172400,CEI,04556238692221,2023-09-02,,142410,2024-09,"[""dados_incompletos"", ""data_inconsistente"", ""competencia_ausente""]"
47407482175,CAEPF,46474367136959,2016-08-20,,354120,2024-01,"[""competencia_ausente"", ""cbo_invalido"", ""ausencia_vinculo""]"
90974395339,CEI,21047095214562,2014-07-03,2017-11-03,354805,2025-01,"[""dados_incompletos"", ""cbo_invalido""]"
74517123685,CNPJ,60481754965137,2010-07-25,,142105,2024-12,"[""data_inconsistente""]"
17461200471,CNPJ,38267586926179,2019-02-26,,354120,2024-02,"[""competencia_ausente""]"
73515850643,CNPJ,71390053293183,2023-02-25,2024-10-25,411005,2024-05,"[""ausencia_vinculo"", ""cbo_invalido"", ""dados_incompletos""]"
28421020539,CEI,02402681177589,2012-06-12,,252210,2025-09,[]
84700766177,CNPJ,15921249985698,2016-08-12,,142410,2025-03,[]
18367365766,CAEPF,15654527111161,2018-05-11,,142105,2024-03,"[""inscricao_invalida"", ""cbo_invalido"", ""ausencia_vinculo""]"
65604945198,CNPJ,27315851493689,2023-10-06,,142105,2024-01,"[""data_inconsistente"", ""cbo_invalido"", ""ausencia_vinculo""]"
24455022961,CNPJ,01836675254599,2011-11-27,,252505,2024-06,"[""data_inconsistente""]"
14767976438,CNPJ,56149784036900,2014-08-02,,252210,2024-05,"[""cbo_invalido"", ""ausencia_vinculo""]"
07622683885,CNPJ,60607159696641,2019-02-01,2021-04-01,252505,2025-09,"[""cbo_invalido"", ""ausencia_vinculo"", ""competencia_ausente""]"
13696816453,CEI,21818835523124,2014-06-05,2015-09-05,241205,2024-03,[]
77997995527,CNPJ,77449058147700,2018-04-09,,142305,2024-04,"[""competencia_ausente"", ""data_inconsistente"", ""ausencia_vinculo""]"
79359782071,CEI,18203778892554,2018-09-09,,411005,2025-09,[]
51518644925,CNPJ,92546291486528,2012-02-05,,521110,2025-06,"[""cbo_invalido"", ""dados_incompletos""]"
35733221418,CAEPF,80592962229270,2019-03-20,,214505,2024-08,"[""cbo_invalido"", ""competencia_ausente"", ""dados_incompletos""]"
83473597746,CAEPF,86239240758181,2016-05-24,2017-09-24,354120,2025-04,"[""competencia_ausente""]"
13750606853,CEI,15305152204727,2020-01-23,,354805,2024-03,[]
32898614341,CNPJ,36971179808932,2016-07-14,,142410,2024-12,[]
62185188888,CNPJ,67065405153195,2012-12-28,2016-04-28,411005,2024-06,"[""competencia_ausente"", ""data_inconsistente"", ""dados_incompletos""]"
21704303054,CAEPF,68740345054156,2018-12-21,,354805,2025-01,"[""competencia_ausente""]"
75841616928,CEI,51154479627570,2017-11-28,,521110,2024-10,"[""ausencia_vinculo""]"
65820297021,CNPJ,55690927557192,2021-11-16,,411005,2024-10,[]
10278681447,CNPJ,94731217271551,2022-05-03,,354805,2024-11,"[""data_inconsistente"", ""dados_incompletos"", ""cbo_invalido""]"
83132370589,CEI,78291146786691,2012-10-23,,214630,2024-03,"[""inscricao_invalida"", ""cbo_invalido"", ""dados_incompletos""]"
89226801824,CNPJ,25358414384249,2021-12-19,2025-11-19,252505,2025-08,"[""dados_incompletos""]"
99590010943,CAEPF,69078447364710,2013-07-18,,422105,2025-04,[]
92555625881,CEI,37147321046963,2013-08-01,,354805,2025-08,"[""dados_incompletos""]"
78774701687,CNPJ,39500479748016,2013-01-02,,214505,2025-01,"[""ausencia_vinculo"", ""competencia_ausente""]"
09835841687,CAEPF,49912165585239,2021-06-02,,142205,2024-02,[]
57872982595,CNPJ,69495888794705,2017-06-06,,521110,2025-08,"[""data_inconsistente"", ""ausencia_vinculo"", ""competencia_ausente""]"
49930972896,CNPJ,30913075626368,2023-09-19,,261105,2024-03,"[""dados_incompletos"", ""inscricao_invalida"", ""cbo_invalido""]"
78652785854,CAEPF,73348434437575,2022-07-28,,241205,2024-10,"[""data_inconsistente"", ""inscricao_invalida"", ""competencia_ausente""]"
65240415747,CNPJ,38484219933083,2015-03-23,2017-11-23,411005,2025-04,[]
20826773454,CAEPF,01938026206724,2010-11-03,2014-05-03,142410,2024-04,"[""cbo_invalido"", ""competencia_ausente""]"
88728743152,CAEPF,74205493296685,2011-12-12,,142305,2024-07,"[""cbo_invalido"", ""dados_incompletos""]"
04637454990,CEI,53017426841459,2014-12-15,2016-02-15,422105,2024-06,"[""cbo_invalido"", ""competencia_ausente"", ""inscricao_invalida""]"
83391878519,CNPJ,08839822587139,2020-12-18,2024-02-18,422105,2024-02,"[""competencia_ausente"", ""data_inconsistente"", ""ausencia_vinculo""]"
87406403910,CEI,51801704622656,2020-01-23,,354805,2025-01,"[""data_inconsistente"", ""inscricao_invalida"", ""dados_incompletos""]"
51286823004,CEI,86863375243106,2023-10-17,,354805,2024-01,[]
11907903067,CNPJ,83028439599534,2013-03-19,,142105,2024-08,"[""ausencia_vinculo"", ""inscricao_invalida""]"
92687056856,CEI,24628733427086,2019-05-06,,252505,2025-02,[]
35175183046,CAEPF,99013983735403,2014-04-06,,142305,2025-05,"[""inscricao_invalida"", ""dados_incompletos"", ""competencia_ausente""]"
38546785445,CAEPF,77175355609320,2015-11-07,,142410,2025-08,"[""dados_incompletos"", ""data_inconsistente""]"
53693785477,CEI,25228728080100,2019-04-02,2023-02-02,252210,2024-03,"[""dados_incompletos""]"
87509977008,CAEPF,60084840862118,2013-05-04,2017-02-04,142105,2024-09,"[""competencia_ausente"", ""ausencia_vinculo""]"
56793341016,CEI,68700217659180,2015-02-26,2019-04-26,354805,2025-08,"[""ausencia_vinculo""]"
48902503926,CNPJ,42939685621850,2012-03-11,,261105,2024-03,"[""inscricao_invalida"", ""competencia_ausente"", ""cbo_invalido""]"
04773586629,CAEPF,61943114262655,2012-05-22,2014-06-22,422105,2025-01,"[""dados_incompletos""]"
12678886101,CEI,81995604661839,2021-09-08,2024-03-08,252505,2024-05,"[""competencia_ausente"", ""dados_incompletos""]"
12646471543,CAEPF,79937124065965,2019-11-16,,261105,2025-08,[]
59375265479,CNPJ,56465193982807,2014-09-14,,354120,2024-03,"[""data_inconsistente"", ""competencia_ausente""]"
24342661797,CAEPF,68868058911352,2023-09-29,2027-08-29,214630,2025-02,"[""competencia_ausente"", ""ausencia_vinculo""]"
01438889937,CEI,67982507146112,2017-10-24,,422105,2024-07,"[""competencia_ausente"", ""ausencia_vinculo""]"
77514010512,CAEPF,38282586736226,2018-11-15,2022-08-15,354805,2024-07,"[""competencia_ausente"", ""ausencia_vinculo""]"
33419182553,CEI,14785969691557,2023-11-06,2027-12-06,214505,2024-10,"[""ausencia_vinculo"", ""dados_incompletos"", ""cbo_invalido""]"
13412528669,CNPJ,96627828274225,2020-02-12,,261105,2025-01,"[""dados_incompletos"", ""data_inconsistente""]"
68876767721,CAEPF,03404384279788,2012-07-16,,354120,2025-07,"[""inscricao_invalida"", ""ausencia_vinculo""]"
78361340745,CNPJ,71339596292330,2022-10-15,,354120,2025-09,"[""data_inconsistente"", ""cbo_invalido""]"
49481260422,CNPJ,25367294667116,2021-07-25,,214505,2025-01,"[""cbo_invalido"", ""inscricao_invalida""]"
01751863637,CEI,54589297500170,2012-10-14,,252505,2025-03,"[""dados_incompletos"", ""data_inconsistente""]"
42415415206,CAEPF,43611037129387,2010-03-18,2012-06-18,261105,2024-05,"[""data_inconsistente"", ""dados_incompletos""]"
71361115542,CEI,22189092753269,2019-12-04,,142305,2024-04,[]
19656523413,CAEPF,99940438983640,2015-05-15,,142305,2024-09,"[""ausencia_vinculo"", ""inscricao_invalida"", ""data_inconsistente""]"
55269658271,CNPJ,91043006848666,2011-11-07,,142105,2025-09,[]
14183285691,CEI,63031617990421,2010-04-14,,214505,2024-01,[]
58842524105,CEI,48149177850792,2018-04-01,2022-11-01,142305,2025-08,"[""dados_incompletos""]"
80003075622,CNPJ,86353654195180,2014-01-09,2017-04-09,142205,2025-02,[]
74451870534,CAEPF,49375973832060,2015-03-24,,214630,2024-01,"[""data_inconsistente""]"
64138367024,CNPJ,03865719182619,2022-09-26,2026-09-26,252505,2024-08,"[""competencia_ausente"", ""cbo_invalido""]"
57431329121,CNPJ,77561853747411,2013-07-15,,354120,2025-09,[]
52135680442,CNPJ,67883171210032,2014-06-12,,411005,2024-03,"[""ausencia_vinculo"", ""data_inconsistente""]"
13721510702,CAEPF,66706625324472,2010-10-11,,142410,2024-09,"[""competencia_ausente"", ""inscricao_invalida""]"
70146263838,CNPJ,65787598564205,2023-05-24,2028-02-24,241205,2024-10,[]
78593213348,CAEPF,03965223955905,2022-09-25,,142410,2024-07,"[""inscricao_invalida"", ""cbo_invalido""]"
27010393087,CNPJ,59325250029218,2018-03-09,,411005,2025-02,"[""cbo_invalido"", ""data_inconsistente""]"
22675289539,CNPJ,64422096902959,2014-12-15,,142305,2025-05,[]
13552157043,CNPJ,15410067626765,2022-04-01,,261105,2025-05,"[""data_inconsistente"", ""dados_incompletos"", ""inscricao_invalida""]"
71040541152,CEI,21815997062962,2011-03-15,2012-10-15,252210,2025-02,"[""data_inconsistente"", ""inscricao_invalida"", ""cbo_invalido""]"
44310698720,CEI,06149731032417,2012-08-04,,521110,2025-04,"[""cbo_invalido"", ""ausencia_vinculo"", ""competencia_ausente""]"
25652704774,CNPJ,49021158693806,2021-09-20,,142105,2025-05,"[""competencia_ausente""]"
41608989921,CEI,22332061632945,2011-07-03,2014-12-03,521110,2025-07,"[""inscricao_invalida"", ""competencia_ausente""]"
09986162299,CAEPF,11914856467997,2010-11-03,2013-06-03,252505,2025-09,"[""competencia_ausente"", ""ausencia_vinculo"", ""data_inconsistente""]"
53074505444,CEI,13247546913736,2020-11-12,,261105,2025-01,"[""dados_incompletos"", ""ausencia_vinculo"", ""cbo_invalido""]"
86289023303,CNPJ,70534578610357,2023-04-29,,261105,2025-04,"[""cbo_invalido"", ""dados_incompletos""]"
41406029333,CAEPF,34680072290349,2016-11-07,,214505,2024-10,"[""cbo_invalido"", ""competencia_ausente""]"
43748969108,CAEPF,58994417154544,2016-09-13,2019-12-13,241205,2024-09,"[""competencia_ausente"", ""cbo_invalido"", ""dados_incompletos""]"
07446660993,CEI,38758428241724,2022-07-16,,252505,2024-12,"[""cbo_invalido""]"
34655494717,CNPJ,99917381684602,2013-01-30,,411005,2025-02,"[""dados_incompletos"", ""cbo_invalido""]"
21752500743,CNPJ,92712966667600,2021-12-21,2024-05-21,142205,2024-11,"[""dados_incompletos"", ""ausencia_vinculo"", ""inscricao_invalida""]"
33542168942,CNPJ,04478985625753,2013-09-12,,354805,2025-02,[]
32309821506,CAEPF,48909010016761,2022-04-11,2026-06-11,252505,2024-07,"[""ausencia_vinculo"", ""cbo_invalido"", ""competencia_ausente""]"
18499261891,CEI,11739348356420,2022-04-18,,252210,2025-05,"[""ausencia_vinculo""]"
11972181143,CEI,44701204556110,2010-03-21,,214630,2024-06,"[""inscricao_invalida"", ""cbo_invalido""]"
15521667467,CEI,21202169797296,2018-01-16,,261105,2024-05,"[""ausencia_vinculo"", ""competencia_ausente""]"
70145089935,CAEPF,89163756289002,2021-05-04,,261105,2025-05,"[""competencia_ausente""]"
53540838663,CNPJ,77971775170166,2010-10-21,,142205,2024-04,"[""data_inconsistente"", ""cbo_invalido"", ""dados_incompletos""]"
75503758997,CAEPF,57113055488510,2013-09-06,,261105,2025-02,[]
93316373516,CNPJ,91779827080869,2020-10-31,,241205,2024-06,"[""data_inconsistente""]"
21699586693,CEI,65472269848583,2014-07-04,2018-10-04,354120,2024-12,"[""data_inconsistente""]"
28851587996,CAEPF,84608106200342,2016-06-05,,252505,2024-03,"[""dados_incompletos"", ""inscricao_invalida""]"
05719838638,CAEPF,40666580043973,2018-04-01,,142105,2025-09,[]
34721228160,CEI,48422940572025,2023-05-22,2027-03-22,142410,2024-11,"[""inscricao_invalida"", ""cbo_invalido"", ""ausencia_vinculo""]"
58328182688,CEI,15335554398780,2012-07-28,,422105,2024-09,"[""inscricao_invalida"", ""dados_incompletos"", ""ausencia_vinculo""]"
56164840858,CAEPF,77043581128801,2014-09-23,,241205,2024-08,"[""ausencia_vinculo"", ""dados_incompletos""]"
86120750110,CNPJ,48193466766506,2012-08-27,,214630,2025-09,[]
90158144914,CEI,66072832684245,2010-04-02,,142105,2024-05,[]
09968814353,CEI,82223943129087,2022-04-30,2026-04-30,142305,2024-09,[]
97552314913,CEI,77594929955620,2017-01-09,2018-09-09,214505,2025-03,"[""dados_incompletos"", ""cbo_invalido""]"
77754781291,CEI,28341108099693,2010-10-28,,142105,2025-07,"[""cbo_invalido""]"
63942788165,CAEPF,03928272299275,2010-11-28,2013-12-28,252210,2024-03,"[""ausencia_vinculo""]"
38567700518,CAEPF,44989266591846,2014-12-31,,411005,2024-12,"[""inscricao_invalida"", ""ausencia_vinculo""]"
82723184322,CNPJ,59136517773926,2010-07-03,2011-09-03,142410,2025-08,[]
80920242869,CAEPF,04137977236929,2014-01-29,,142105,2024-09,[]
57991366210,CNPJ,88629127990881,2012-02-03,,252505,2025-09,"[""data_inconsistente""]"
68650863765,CAEPF,91624731498643,2010-02-14,,241205,2024-01,"[""inscricao_invalida""]"
06356512694,CEI,86959463688725,2022-07-17,,354120,2024-11,"[""competencia_ausente"", ""dados_incompletos"", ""ausencia_vinculo""]"
37213865890,CNPJ,60127961143519,2010-11-06,,354805,2025-02,"[""cbo_invalido"", ""inscricao_invalida"", ""ausencia_vinculo""]"
27703843098,CAEPF,39205302146566,2023-02-23,2023-08-23,214505,2024-03,"[""cbo_invalido"", ""inscricao_invalida"", ""data_inconsistente""]"
54393769042,CEI,81818451848947,2018-06-17,,241205,2024-09,"[""data_inconsistente"", ""competencia_ausente""]"
90714163356,CEI,88043416518275,2017-12-06,2021-06-06,354120,2024-07,"[""dados_incompletos"", ""competencia_ausente"", ""data_inconsistente""]"
33433339521,CNPJ,17908075957947,2014-02-07,,354805,2025-06,"[""inscricao_invalida""]"
20867808562,CEI,18750036915594,2014-03-14,,252210,2024-10,"[""cbo_invalido"", ""data_inconsistente"", ""dados_incompletos""]"
76365564729,CNPJ,93143866322702,2019-06-16,,354805,2025-06,"[""competencia_ausente"", ""cbo_invalido""]"
48906120347,CAEPF,17545588450615,2023-08-01,2027-02-01,214630,2025-07,[]
45587716947,CAEPF,22569961125355,2016-07-14,,142410,2025-02,"[""cbo_invalido"", ""inscricao_invalida""]"
87622023413,CNPJ,61117800681149,2013-06-26,2015-12-26,354120,2024-08,[]
47228200557,CEI,84872829979688,2016-12-11,,422105,2025-07,[]
17456424008,CNPJ,54780774064930,2022-04-18,,521110,2025-07,"[""dados_incompletos""]"
66341638944,CAEPF,84631224179749,2021-01-13,2021-08-13,252505,2024-02,"[""dados_incompletos""]"
14427031207,CNPJ,56475705120461,2022-03-08,,252210,2024-09,"[""ausencia_vinculo""]"
36730371837,CEI,45208814743503,2012-07-14,2015-04-14,411005,2024-01,[]
49163009792,CEI,13271950052812,2020-12-10,2024-05-10,241205,2024-12,"[""data_inconsistente"", ""dados_incompletos""]"
06524077848,CAEPF,73928557498218,2013-06-23,,261105,2024-09,"[""ausencia_vinculo"", ""inscricao_invalida""]"
62095935186,CNPJ,87829456511810,2012-11-29,2013-07-29,252210,2024-04,"[""ausencia_vinculo""]"
96789940539,CAEPF,10371705865094,2021-11-12,2022-09-12,261105,2024-11,[]
38113863383,CAEPF,28861957612286,2021-04-27,,252505,2025-06,"[""cbo_invalido"", ""data_inconsistente""]"
85566593983,CEI,84577600490824,2010-02-23,,252210,2024-08,"[""data_inconsistente""]"
48889921075,CNPJ,24593344196931,2017-04-13,,252505,2025-05,"[""data_inconsistente"", ""inscricao_invalida"", ""ausencia_vinculo""]"
94096105566,CNPJ,39060480589258,2014-12-14,2019-01-14,214505,2025-02,"[""inscricao_invalida"", ""data_inconsistente"", ""ausencia_vinculo""]"
36462251790,CAEPF,64168622783769,2014-05-26,,214505,2025-06,[]
14659116655,CNPJ,55904259792703,2014-06-24,,252505,2024-03,[]
03924051477,CNPJ,53833884879206,2023-01-28,,142105,2024-02,"[""cbo_invalido""]"
39407016451,CNPJ,46368157981238,2020-04-09,,214505,2024-01,[]
84576205554,CNPJ,84046084325621,2018-07-29,,214630,2025-09,"[""dados_incompletos"", ""competencia_ausente"", ""data_inconsistente""]"
92649578232,CAEPF,83248262925188,2012-08-27,2017-07-27,354805,2024-05,"[""competencia_ausente"", ""data_inconsistente""]"
47423122099,CEI,99939330517289,2020-07-07,,411005,2024-07,"[""competencia_ausente"", ""dados_incompletos""]"
23306046333,CNPJ,27975736609656,2023-09-19,,142410,2025-08,"[""data_inconsistente"", ""ausencia_vinculo"", ""inscricao_invalida""]"
77038860868,CAEPF,03476447264908,2013-03-11,,214630,2025-04,[]
81298266570,CNPJ,79371452111751,2021-10-01,,214505,2025-06,"[""competencia_ausente""]"
86025922220,CEI,44742123094077,2021-03-08,,142205,2025-09,"[""dados_incompletos""]"
97767199038,CEI,98302205020994,2017-06-05,,142205,2024-04,"[""dados_incompletos""]"
49998279501,CEI,55616814721458,2019-04-13,,214505,2024-08,"[""inscricao_invalida""]"
81794695489,CAEPF,52997877293430,2012-08-26,2016-06-26,241205,2024-04,"[""inscricao_invalida""]"
66055830344,CNPJ,44885015569902,2014-05-09,,411005,2025-05,"[""data_inconsistente""]"
27278576084,CAEPF,58803955124056,2021-12-25,,142410,2025-09,"[""ausencia_vinculo"", ""cbo_invalido"", ""inscricao_invalida""]"
04617357438,CEI,21503178078235,2020-11-04,,142105,2024-11,"[""ausencia_vinculo""]"
82307681040,CAEPF,91570184094353,2014-04-27,2017-08-27,411005,2025-03,"[""dados_incompletos"", ""data_inconsistente""]"
41098813858,CEI,42493214958702,2010-08-26,,214630,2024-02,[]
01662997954,CEI,38179217174773,2015-01-08,2018-10-08,354120,2025-01,"[""data_inconsistente"", ""cbo_invalido"", ""inscricao_invalida""]"
77017157724,CEI,99281615814876,2023-03-31,,142410,2024-09,"[""competencia_ausente"", ""ausencia_vinculo""]"
53966958321,CAEPF,97199758172461,2023-06-02,2028-04-02,142410,2025-01,"[""data_inconsistente"", ""ausencia_vinculo"", ""inscricao_invalida""]"
32902278469,CAEPF,73354946519098,2019-01-25,,261105,2024-10,[]
80085140369,CEI,56666832723865,2019-05-11,2023-05-11,252505,2024-05,[]
02762126796,CAEPF,27868765326909,2021-03-04,,252210,2025-05,"[""inscricao_invalida"", ""cbo_invalido"", ""ausencia_vinculo""]"
09751971284,CEI,81891371894905,2021-12-31,,422105,2025-04,"[""inscricao_invalida"", ""cbo_invalido""]"
65442094940,CAEPF,79290490471281,2016-03-26,2019-12-26,354120,2024-10,"[""data_inconsistente""]"
19292752437,CNPJ,80512927663723,2022-12-16,,411005,2024-02,"[""ausencia_vinculo""]"
27674783667,CEI,28604765801856,2023-09-11,,261105,2024-10,"[""ausencia_vinculo"", ""cbo_invalido""]"
96739385258,CNPJ,01061817534430,2010-07-14,,142205,2025-08,"[""inscricao_invalida""]"
11192692124,CEI,71746542140665,2011-05-08,2016-03-08,354120,2024-07,"[""dados_incompletos"", ""inscricao_invalida""]"
62712863917,CAEPF,41011947072006,2015-12-23,2018-03-23,354805,2025-02,"[""data_inconsistente"", ""competencia_ausente"", ""inscricao_invalida""]"
66183067198,CEI,54601585174328,2010-11-19,,214630,2024-07,"[""ausencia_vinculo"", ""cbo_invalido""]"
71732030937,CEI,18478700505061,2014-10-01,,214630,2025-06,"[""inscricao_invalida"", ""dados_incompletos"", ""data_inconsistente""]"
10270790320,CNPJ,04179291117993,2011-06-01,,521110,2024-12,"[""data_inconsistente"", ""competencia_ausente"", ""cbo_invalido""]"
19825309251,CNPJ,42625827390219,2018-06-09,,142205,2025-05,[]
02194672324,CAEPF,76329092791456,2010-02-07,,252210,2024-04,"[""inscricao_invalida""]"
58837340312,CAEPF,77220054364597,2010-12-21,2011-09-21,354805,2025-07,[]
07811379956,CNPJ,53153136363179,2020-11-12,2023-08-12,252505,2024-08,"[""dados_incompletos"", ""competencia_ausente""]"
52735435209,CNPJ,42177625349292,2022-12-19,,261105,2024-08,[]
87397740633,CEI,69392906007806,2021-11-29,,241205,2024-04,"[""ausencia_vinculo""]"
80632543107,CAEPF,42799077262570,2011-08-03,,214505,2024-12,"[""competencia_ausente"", ""cbo_invalido""]"
98931950850,CNPJ,65790552818325,2015-05-09,,214630,2025-05,"[""data_inconsistente"", ""dados_incompletos"", ""inscricao_invalida""]"
55486401557,CEI,88178847951371,2011-10-19,,252505,2024-10,"[""ausencia_vinculo""]"
24127238046,CAEPF,82756704310385,2019-03-27,,214630,2024-11,"[""data_inconsistente"", ""inscricao_invalida"", ""competencia_ausente""]"
74924243754,CNPJ,25472928422223,2012-08-15,2014-10-15,142410,2024-05,"[""dados_incompletos"", ""data_inconsistente""]"
80552578284,CNPJ,06727520885474,2022-11-13,,241205,2025-08,"[""cbo_invalido"", ""ausencia_vinculo""]"
70281406937,CEI,15093983430187,2011-12-17,,521110,2024-07,"[""inscricao_invalida"", ""data_inconsistente"", ""ausencia_vinculo""]"
56265650455,CEI,78137674266299,2011-12-07,2014-01-07,422105,2025-06,"[""inscricao_invalida""]"
61064628792,CNPJ,26487049478730,2010-01-21,2012-02-21,214630,2025-04,[]
46273014719,CAEPF,59796471589042,2023-01-17,2025-03-17,422105,2024-05,"[""cbo_invalido""]"
56504481832,CNPJ,92855445189520,2013-01-26,,411005,2025-05,"[""ausencia_vinculo""]"
32833898881,CEI,71120754527985,2013-11-11,,142205,2024-05,[]
23423216110,CEI,60310890714014,2010-03-26,,241205,2024-05,"[""inscricao_invalida""]"
32501249552,CAEPF,93891190833428,2010-02-05,,142305,2024-08,"[""competencia_ausente"", ""cbo_invalido"", ""dados_incompletos""]"
71256638361,CEI,17182754801571,2018-08-19,2022-04-19,214505,2024-11,"[""dados_incompletos"", ""inscricao_invalida""]"
64631752071,CEI,78112669121535,2014-06-29,,521110,2024-05,[]
67499465796,CEI,84271147732010,2011-07-13,,142205,2024-07,"[""cbo_invalido"", ""dados_incompletos"", ""data_inconsistente""]"
99118773477,CAEPF,48588006167567,2020-04-23,2021-09-23,142105,2024-11,"[""competencia_ausente""]"
62467197889,CEI,78280647969545,2011-05-19,2012-01-19,252505,2025-01,"[""inscricao_invalida"", ""ausencia_vinculo"", ""cbo_invalido""]"
61655650333,CAEPF,49114152085076,2022-09-28,,521110,2024-09,[]
79056965917,CNPJ,35785294563718,2014-10-20,2015-07-20,354120,2025-08,"[""inscricao_invalida""]"
19195419876,CNPJ,51484685366498,2020-03-01,,142105,2024-07,"[""data_inconsistente"", ""inscricao_invalida"", ""dados_incompletos""]"
97374896908,CNPJ,57232466513644,2013-08-08,2017-04-08,252210,2025-02,[]
23034778660,CNPJ,24204482070015,2023-06-30,2024-04-30,354805,2025-02,"[""data_inconsistente"", ""ausencia_vinculo"", ""competencia_ausente""]"
23198189847,CNPJ,39155963632123,2016-02-28,,354120,2025-08,[]
85158673425,CEI,54090034864518,2015-04-21,,521110,2024-01,"[""cbo_invalido"", ""data_inconsistente""]"
13432756041,CEI,76561248156985,2020-03-02,,241205,2024-02,"[""data_inconsistente""]"
72063459112,CNPJ,82965772429543,2011-11-23,,252505,2025-02,"[""dados_incompletos"", ""ausencia_vinculo"", ""inscricao_invalida""]"
89317342069,CEI,94215291086771,2015-01-13,,252210,2024-09,"[""competencia_ausente"", ""dados_incompletos""]"
63934362620,CEI,43973597107256,2014-10-05,,214505,2025-03,"[""ausencia_vinculo"", ""data_inconsistente""]"
80053759900,CEI,89646528092428,2021-01-20,,354805,2025-04,[]
58624150274,CAEPF,56449485625728,2019-11-14,2021-02-14,142205,2024-08,[]
74276170758,CEI,77121513422849,2023-02-19,2023-08-19,142105,2025-08,[]
13715041659,CNPJ,52017774905097,2017-04-15,,214505,2025-08,[]
04501896164,CNPJ,36103266421476,2016-12-15,,142410,2024-05,"[""cbo_invalido""]"
83776749961,CEI,59266108573278,2021-10-08,2024-09-08,521110,2024-03,"[""cbo_invalido"", ""dados_incompletos""]"
24386490810,CAEPF,18661794549180,2012-07-22,,422105,2024-07,"[""ausencia_vinculo"", ""data_inconsistente""]"
64597794523,CNPJ,19416800610277,2019-02-01,,214505,2025-09,"[""inscricao_invalida"", ""data_inconsistente""]"
56412203103,CNPJ,37236831472760,2012-08-12,2013-11-12,214505,2025-03,"[""ausencia_vinculo"", ""competencia_ausente""]"
93349605016,CEI,79984076789973,2011-05-13,,521110,2025-08,"[""cbo_invalido""]"
67179576024,CAEPF,37573839597246,2019-05-08,,214630,2025-01,"[""inscricao_invalida""]"
34172232971,CEI,74338005452280,2011-06-06,,142305,2025-09,[]
83745508428,CAEPF,10771199180812,2012-08-25,,354805,2025-01,[]
47871255213,CEI,60375482145653,2013-05-26,,142105,2025-03,"[""competencia_ausente""]"
66785072081,CNPJ,55626060290846,2019-01-07,,214505,2025-07,"[""data_inconsistente"", ""cbo_invalido"", ""inscricao_invalida""]"
04892673899,CAEPF,75634108562884,2014-10-17,2018-03-17,354120,2025-06,"[""dados_incompletos"", ""ausencia_vinculo"", ""inscricao_invalida""]"
89434681054,CAEPF,85101749075399,2021-12-17,,252210,2024-12,"[""data_inconsistente"", ""inscricao_invalida"", ""dados_incompletos""]"
68315893571,CNPJ,66110627371586,2023-03-12,,241205,2025-02,"[""competencia_ausente"", ""data_inconsistente"", ""inscricao_invalida""]"
76228277288,CNPJ,37702851961159,2016-06-30,2017-09-30,142305,2025-01,"[""cbo_invalido"", ""data_inconsistente""]"
70229604432,CAEPF,70185106794975,2018-06-18,,214505,2025-09,[]
28777251996,CEI,36580741209481,2022-07-19,2026-04-19,142105,2025-08,"[""inscricao_invalida"", ""dados_incompletos"", ""competencia_ausente""]"
80182043397,CNPJ,89569070562608,2017-02-12,,142305,2024-04,"[""dados_incompletos"", ""cbo_invalido"", ""data_inconsistente""]"
24124620952,CNPJ,04615265461033,2023-05-23,,422105,2025-06,"[""ausencia_vinculo"", ""cbo_invalido""]"
05786170630,CEI,89138249671832,2018-05-17,,252505,2024-09,"[""inscricao_invalida"", ""competencia_ausente""]"
00794200749,CEI,65398402891416,2012-10-04,,214505,2025-07,"[""dados_incompletos"", ""inscricao_invalida""]"
85547435537,CAEPF,50209700268768,2011-10-27,,214630,2024-03,"[""competencia_ausente"", ""ausencia_vinculo"", ""cbo_invalido""]"
69562017537,CNPJ,30453194337504,2021-01-20,,214505,2025-09,[]
36149872839,CAEPF,99219212493843,2010-07-09,,214505,2025-06,"[""inscricao_invalida"", ""competencia_ausente"", ""ausencia_vinculo""]"
60566418775,CAEPF,03046875063519,2010-07-27,,252210,2025-03,"[""dados_incompletos""]"
25411076095,CEI,31735058319971,2020-01-06,,142305,2024-03,"[""cbo_invalido"", ""ausencia_vinculo""]"
20704961108,CNPJ,46619639907676,2023-11-29,,411005,2024-01,"[""inscricao_invalida"", ""dados_incompletos""]"
11091939284,CEI,67972320024968,2018-01-09,,354805,2025-07,"[""competencia_ausente""]"
49545089203,CAEPF,80653331537795,2022-12-22,,411005,2025-09,"[""dados_incompletos"", ""ausencia_vinculo""]"
70730337933,CEI,56362050150812,2016-07-08,,214630,2025-08,"[""ausencia_vinculo"", ""data_inconsistente""]"
33423425832,CNPJ,02410261534735,2018-05-09,,142105,2025-09,"[""ausencia_vinculo"", ""data_inconsistente"", ""dados_incompletos""]"
23386559630,CAEPF,93842530428973,2011-10-29,,241205,2025-09,[]
86857872558,CAEPF,77749690333736,2014-11-26,,354805,2025-01,"[""cbo_invalido"", ""inscricao_invalida""]"
12147853907,CAEPF,95677665754602,2019-11-28,2023-10-28,142305,2025-01,"[""inscricao_invalida"", ""data_inconsistente""]"
81431115083,CEI,35444392840445,2019-01-22,,261105,2025-08,"[""competencia_ausente""]"
82633373898,CEI,75153663778052,2022-12-14,,354120,2024-01,"[""cbo_invalido"", ""data_inconsistente"", ""dados_incompletos""]"
66684590902,CNPJ,59999663618637,2012-06-08,,422105,2024-11,[]
18209702316,CEI,33481705802566,2013-07-10,,252505,2025-07,"[""ausencia_vinculo"", ""competencia_ausente"", ""dados_incompletos""]"
23467299493,CAEPF,74302716938597,2020-04-27,,142205,2024-04,"[""cbo_invalido"", ""data_inconsistente""]"
69263296762,CAEPF,91603248413768,2012-09-20,,142305,2024-04,"[""competencia_ausente"", ""data_inconsistente""]"
24380701765,CAEPF,63600412577711,2022-04-20,,214505,2025-03,[]
42209124186,CNPJ,10427523083708,2012-04-22,,354120,2025-03,[]
00633533106,CNPJ,05313122068155,2022-08-10,,142410,2024-07,"[""competencia_ausente"", ""ausencia_vinculo""]"
33155206506,CNPJ,73149501364971,2022-01-10,,354805,2025-08,[]
19562525715,CNPJ,99768389030914,2015-04-21,,241205,2024-09,"[""dados_incompletos""]"
57432630397,CAEPF,52450864035533,2022-02-05,2026-02-05,252210,2024-08,"[""inscricao_invalida"", ""cbo_invalido""]"
27017130232,CNPJ,29833816742336,2013-12-16,,354120,2024-10,"[""dados_incompletos"", ""cbo_invalido"", ""competencia_ausente""]"
15662776896,CNPJ,70661498282467,2016-11-10,,521110,2025-07,"[""cbo_invalido""]"
27323008576,CEI,65674916016923,2019-10-15,,241205,2024-12,"[""data_inconsistente"", ""cbo_invalido""]"
06633705024,CAEPF,72439920116691,2021-08-18,,354805,2025-03,[]
64488694611,CAEPF,95243640270116,2021-10-10,,354120,2025-03,[]
52237281793,CNPJ,30234679121416,2012-10-18,2015-01-18,142205,2025-08,[]
71004090138,CNPJ,69847759655553,2018-02-07,,521110,2025-09,[]
55107620918,CEI,35797863050505,2019-12-19,2023-01-19,521110,2025-09,"[""competencia_ausente"", ""data_inconsistente""]"
16493289802,CEI,14872717833321,2012-05-14,,214505,2024-01,[]
56434712871,CAEPF,53991566863341,2016-07-11,2017-06-11,411005,2025-08,"[""ausencia_vinculo"", ""inscricao_invalida"", ""cbo_invalido""]"
25690409836,CEI,55289931608752,2016-08-28,,422105,2025-04,[]
42095481497,CAEPF,37460523302764,2013-07-28,,142105,2025-02,"[""competencia_ausente"", ""cbo_invalido"", ""data_inconsistente""]"
61844386125,CAEPF,04729277423330,2018-02-15,,142410,2024-04,"[""competencia_ausente""]"
62015720185,CAEPF,62630136749261,2020-05-26,,214630,2025-01,"[""competencia_ausente"", ""cbo_invalido"", ""ausencia_vinculo""]"
11117830999,CEI,41926764921518,2014-02-23,,214505,2024-01,"[""inscricao_invalida"", ""competencia_ausente"", ""ausencia_vinculo""]"
89813129208,CEI,51029321840118,2016-09-11,,142105,2024-06,"[""ausencia_vinculo"", ""dados_incompletos"", ""cbo_invalido""]"
08487297585,CAEPF,88310303243298,2014-11-05,,354120,2024-05,"[""ausencia_vinculo"", ""inscricao_invalida""]"
44626714628,CNPJ,14359892625660,2023-07-16,2025-06-16,142305,2025-06,[]
86151554234,CNPJ,16361128497185,2022-11-01,,142105,2024-10,"[""dados_incompletos""]"
56258896792,CEI,08222694053967,2014-02-08,,411005,2025-04,"[""competencia_ausente"", ""inscricao_invalida""]"
34146511131,CNPJ,90148706827788,2012-10-18,,142410,2024-07,"[""ausencia_vinculo"", ""competencia_ausente"", ""cbo_invalido""]"
38909728321,CEI,28506762515381,2016-07-04,2018-07-04,354120,2024-08,[]
96348079705,CNPJ,97545105265016,2021-01-13,2024-04-13,142105,2024-06,"[""ausencia_vinculo"", ""dados_incompletos""]"
43765456284,CNPJ,77225605313402,2018-11-07,,411005,2024-02,[]
37416787256,CAEPF,62110225803056,2023-05-24,,521110,2025-05,"[""ausencia_vinculo"", ""competencia_ausente""]"
39282341436,CNPJ,71892392312604,2014-04-24,,521110,2024-01,"[""ausencia_vinculo""]"
66843356708,CEI,04145456350200,2011-03-04,,411005,2024-08,"[""inscricao_invalida"", ""ausencia_vinculo""]"
62475541108,CNPJ,55598953439611,2012-12-04,,142410,2024-05,[]
33711895473,CAEPF,20236848557161,2020-10-30,,354805,2025-05,"[""inscricao_invalida""]"
42409036788,CNPJ,27868669432029,2014-11-20,,142205,2025-06,"[""data_inconsistente"", ""inscricao_invalida"", ""cbo_invalido""]"
43448123083,CEI,02424033810595,2017-04-12,2021-07-12,354805,2025-07,"[""competencia_ausente""]"
94500534240,CAEPF,91649837354396,2013-06-29,,214505,2025-03,"[""ausencia_vinculo"", ""competencia_ausente""]"
27223972404,CNPJ,26931216376182,2010-04-07,,521110,2025-01,[]
00231429001,CAEPF,51327972457230,2022-03-11,,214630,2025-07,[]
01841862030,CNPJ,66254361721314,2018-01-06,2020-04-06,142305,2025-01,"[""ausencia_vinculo""]"
92268592624,CAEPF,45147541022526,2020-01-08,,241205,2025-05,"[""inscricao_invalida""]"
64215226557,CEI,76952366878878,2022-01-10,,521110,2024-03,"[""inscricao_invalida"", ""data_inconsistente""]"
31350305872,CNPJ,05524728633302,2012-08-18,,214505,2024-05,"[""data_inconsistente""]"
65019179202,CEI,21310962272847,2019-03-26,,422105,2024-01,"[""ausencia_vinculo""]"
09282066784,CAEPF,84362418623690,2014-11-29,,261105,2025-07,"[""data_inconsistente""]"
77566205634,CNPJ,11595034281139,2010-03-31,,354120,2024-07,"[""ausencia_vinculo"", ""dados_incompletos"", ""cbo_invalido""]"
19909700514,CNPJ,54683565215681,2021-04-06,,252505,2024-01,"[""competencia_ausente"", ""inscricao_invalida""]"
04227113322,CAEPF,89857254596063,2014-09-07,,142410,2024-03,"[""data_inconsistente"", ""competencia_ausente"", ""ausencia_vinculo""]"
02481717524,CNPJ,14955112747472,2012-10-12,,422105,2024-02,"[""competencia_ausente"", ""data_inconsistente""]"
92758955168,CEI,40903802146296,2011-08-21,2014-07-21,214630,2024-04,"[""data_inconsistente"", ""inscricao_invalida""]"
71121663651,CEI,59737147082723,2017-03-07,,142410,2025-01,[]
56730306442,CNPJ,21461476834201,2019-08-12,,241205,2024-10,[]
56778265960,CAEPF,93199255027275,2012-07-19,,214630,2025-02,"[""ausencia_vinculo"", ""competencia_ausente"", ""dados_incompletos""]"
79103368296,CNPJ,53390550448177,2019-04-15,,411005,2025-07,"[""ausencia_vinculo"", ""dados_incompletos""]"
76528928664,CAEPF,64911110961798,2012-03-27,,142105,2025-08,"[""cbo_invalido"", ""competencia_ausente"", ""dados_incompletos""]"
37861371576,CAEPF,60538444463060,2010-05-08,2015-01-08,411005,2025-06,"[""cbo_invalido"", ""data_inconsistente"", ""dados_incompletos""]"
96386396096,CNPJ,62658263128196,2015-11-02,,252505,2024-11,[]
10609209819,CEI,02752334383640,2016-03-02,2017-06-02,214630,2024-01,"[""ausencia_vinculo"", ""data_inconsistente"", ""competencia_ausente""]"
91124421175,CNPJ,61706171366572,2014-01-12,2015-06-12,214630,2025-08,"[""ausencia_vinculo""]"
55799802841,CNPJ,90808823513052,2014-12-06,2019-02-06,252505,2024-10,"[""ausencia_vinculo""]"
58477686342,CNPJ,46199423767694,2017-02-24,,142410,2025-01,"[""cbo_invalido"", ""data_inconsistente"", ""ausencia_vinculo""]"
72084964985,CEI,01256253135525,2012-09-28,2016-11-28,142205,2024-12,[]
95381649383,CNPJ,84919665533077,2011-01-19,,521110,2024-05,[]
29596390409,CNPJ,74260880501716,2016-10-01,2021-04-01,411005,2025-02,[]
57906477159,CNPJ,03002156321358,2010-02-10,,261105,2024-02,"[""ausencia_vinculo""]"
04145964229,CEI,12529671883977,2016-04-17,,214505,2025-05,[]
44158331170,CNPJ,03763715398854,2020-03-08,,261105,2025-05,[]
23567983631,CEI,62491271130724,2010-08-23,,142105,2025-04,"[""inscricao_invalida""]"
15632686850,CEI,45106634362948,2023-08-17,,521110,2024-04,"[""dados_incompletos"", ""ausencia_vinculo"", ""data_inconsistente""]"
10094318143,CAEPF,66613473235494,2010-01-26,2013-03-26,354805,2025-09,"[""data_inconsistente"", ""dados_incompletos""]"
25122572076,CEI,02412095790737,2012-06-15,2013-01-15,142410,2024-10,"[""inscricao_invalida"", ""dados_incompletos"", ""data_inconsistente""]"
11457758474,CEI,70545897148026,2014-12-10,,252505,2024-12,"[""inscricao_invalida""]"
65313614878,CNPJ,45569644309859,2012-10-04,,422105,2025-08,"[""cbo_invalido"", ""ausencia_vinculo""]"
07272849824,CEI,41407034910740,2019-08-27,,261105,2024-01,[]
25488214236,CAEPF,14307536661449,2016-12-20,2019-09-20,214630,2024-11,"[""data_inconsistente""]"
34268344149,CAEPF,78266128758575,2019-08-05,,521110,2025-04,[]
80612943985,CNPJ,98940626078701,2011-03-25,2015-02-25,142305,2024-12,"[""inscricao_invalida"", ""competencia_ausente""]"
50198038287,CNPJ,32440793110291,2021-08-29,2023-03-29,142305,2025-04,[]
87601467238,CEI,97916202232883,2020-09-05,,354120,2024-04,"[""cbo_invalido"", ""data_inconsistente""]"
66176620471,CAEPF,60940970527740,2013-07-20,,261105,2025-05,[]
86812259572,CEI,46176792988425,2023-03-17,,411005,2025-08,"[""ausencia_vinculo"", ""data_inconsistente""]"
02311775331,CNPJ,66109410175902,2017-03-15,2020-01-15,521110,2024-05,"[""inscricao_invalida"", ""dados_incompletos"", ""data_inconsistente""]"
47743326831,CAEPF,01302056981528,2021-02-16,2022-09-16,142410,2025-04,"[""inscricao_invalida"", ""data_inconsistente""]"
21766191284,CNPJ,17309850344651,2013-07-17,,142305,2025-07,"[""inscricao_invalida"", ""data_inconsistente"", ""cbo_invalido""]"
69081974005,CEI,43502385037199,2010-10-17,,142305,2025-03,"[""ausencia_vinculo"", ""inscricao_invalida"", ""competencia_ausente""]"
24010783567,CEI,30003896087066,2012-10-22,,521110,2025-07,[]
71955356033,CNPJ,90368900301027,2014-01-19,2016-03-19,411005,2025-09,"[""cbo_invalido""]"
29671114837,CAEPF,53745843845881,2011-03-19,,521110,2025-09,"[""dados_incompletos""]"
28348315203,CAEPF,77107044964104,2023-09-05,,142205,2025-01,"[""dados_incompletos""]"
36268040850,CAEPF,54930596601864,2021-12-29,,142410,2025-08,"[""dados_incompletos"", ""competencia_ausente""]"
73204413845,CAEPF,60945449014954,2014-01-04,,142205,2025-03,[]
05783609149,CAEPF,51724447232290,2015-03-22,2015-11-22,252505,2025-06,"[""cbo_invalido"", ""ausencia_vinculo"", ""dados_incompletos""]"
04405809351,CNPJ,87181335956164,2013-03-18,2016-11-18,241205,2025-01,"[""data_inconsistente"", ""cbo_invalido""]"
74902504290,CNPJ,93588953690261,2011-09-26,,252210,2025-08,"[""data_inconsistente"", ""inscricao_invalida"", ""competencia_ausente""]"
81809788754,CNPJ,94353537513765,2011-10-15,,142105,2024-03,"[""competencia_ausente"", ""inscricao_invalida"", ""dados_incompletos""]"
76392836929,CEI,45511668297327,2010-05-08,2013-01-08,354120,2025-07,"[""data_inconsistente"", ""ausencia_vinculo""]"
20602128866,CEI,26834155999101,2017-12-17,,354805,2025-02,"[""competencia_ausente"", ""cbo_invalido"", ""data_inconsistente""]"
22981209957,CEI,57289413475098,2021-10-12,,261105,2025-03,"[""cbo_invalido"", ""dados_incompletos""]"
20368499515,CEI,21447732449134,2013-03-01,2016-08-01,261105,2025-06,"[""inscricao_invalida""]"
08830705349,CEI,78274117674124,2012-08-12,,241205,2024-03,"[""data_inconsistente""]"
15285478150,CEI,18538003296334,2020-07-18,2025-05-18,252505,2025-05,"[""data_inconsistente""]"
18306178932,CNPJ,64969357824347,2020-12-29,,521110,2025-09,"[""cbo_invalido"", ""ausencia_vinculo""]"
31467536127,CEI,15627796304483,2019-03-05,2023-10-05,411005,2024-09,"[""competencia_ausente"", ""data_inconsistente""]"
66404735047,CEI,39283199529800,2018-07-04,2022-10-04,411005,2024-12,"[""ausencia_vinculo"", ""data_inconsistente"", ""dados_incompletos""]"
58328634255,CEI,38300081867024,2016-10-05,2020-08-05,241205,2024-09,[]
16624111860,CNPJ,89219639456804,2016-02-24,,142305,2024-09,"[""competencia_ausente"", ""data_inconsistente"", ""cbo_invalido""]"
61368474883,CEI,07658173906375,2020-09-10,,214630,2024-11,"[""ausencia_vinculo"", ""data_inconsistente"", ""dados_incompletos""]"
37931269789,CNPJ,07464520599604,2014-09-10,,241205,2025-05,"[""data_inconsistente"", ""dados_incompletos""]"
57788116162,CNPJ,28123710672872,2022-04-09,,142205,2024-10,[]
44859592248,CAEPF,39589477352287,2010-03-22,,252505,2024-06,"[""cbo_invalido""]"
33187510979,CNPJ,15835034469459,2019-01-17,,142105,2025-07,"[""ausencia_vinculo""]"
92134249128,CAEPF,65999497320331,2023-10-17,2025-02-17,422105,2024-01,"[""dados_incompletos""]"
87675481386,CEI,67548581932426,2022-07-28,,214505,2024-09,"[""competencia_ausente"", ""cbo_invalido"", ""dados_incompletos""]"
05756398365,CNPJ,03758309451548,2010-04-17,,142205,2024-10,"[""ausencia_vinculo"", ""cbo_invalido""]"
40907977278,CNPJ,05092221610705,2012-03-09,,354120,2024-07,"[""ausencia_vinculo"", ""cbo_invalido"", ""inscricao_invalida""]"
29580660138,CNPJ,41270493862044,2022-07-29,,411005,2025-04,"[""ausencia_vinculo"", ""inscricao_invalida"", ""competencia_ausente""]"
11121259020,CNPJ,57134324064242,2022-09-03,,252210,2024-07,"[""dados_incompletos""]"
44741759558,CEI,20962893654358,2022-05-16,,241205,2024-10,[]
34374018272,CEI,95596905150267,2017-07-04,,354805,2024-04,[]
54278207979,CAEPF,66734595764038,2012-06-02,,241205,2024-10,"[""inscricao_invalida"", ""ausencia_vinculo""]"
28249839225,CNPJ,14257627023244,2011-10-21,2016-10-21,252210,2025-03,[]
32850725178,CAEPF,63767316252654,2019-07-11,,142105,2024-03,"[""data_inconsistente"", ""inscricao_invalida"", ""ausencia_vinculo""]"
39235558099,CEI,13273034615626,2013-05-19,2015-11-19,214630,2025-05,[]
62268171516,CNPJ,25298670766046,2015-10-20,,142305,2025-09,"[""inscricao_invalida"", ""cbo_invalido""]"
75851268612,CNPJ,59438976074017,2020-04-28,,354805,2025-09,"[""competencia_ausente"", ""cbo_invalido""]"
40842456075,CEI,09150863218122,2021-01-25,,354120,2024-12,"[""inscricao_invalida"", ""dados_incompletos"", ""competencia_ausente""]"
01550291681,CEI,46602416139449,2021-07-13,,241205,2024-09,"[""cbo_invalido""]"
97364248096,CNPJ,44063062447951,2014-12-19,2019-03-19,411005,2024-08,[]
49796958678,CNPJ,55557277382646,2010-09-22,,142410,2024-03,"[""cbo_invalido"", ""ausencia_vinculo"", ""dados_incompletos""]"
85445770299,CNPJ,95966048736826,2023-08-14,,142305,2024-04,"[""ausencia_vinculo""]"
94226865369,CEI,55158886367747,2013-07-09,,252505,2025-02,"[""cbo_invalido"", ""competencia_ausente"", ""dados_incompletos""]"
16966630932,CAEPF,98199605932971,2018-04-22,2021-12-22,354805,2025-02,"[""dados_incompletos""]"
75327352410,CNPJ,97739732781952,2015-06-29,,142305,2024-01,"[""data_inconsistente"", ""competencia_ausente"", ""inscricao_invalida""]"
61648198077,CAEPF,04605687611249,2012-07-04,,411005,2025-02,"[""dados_incompletos""]"
73415177345,CEI,75749490228403,2018-04-27,,214505,2024-10,"[""dados_incompletos"", ""inscricao_invalida"", ""cbo_invalido""]"
77422294643,CNPJ,39429045886792,2017-09-20,,142410,2025-05,"[""competencia_ausente"", ""data_inconsistente""]"
28727601534,CNPJ,32491357790833,2018-02-26,,521110,2024-04,"[""ausencia_vinculo"", ""cbo_invalido"", ""data_inconsistente""]"
07983342337,CNPJ,09484131284033,2015-06-22,,142410,2025-05,"[""ausencia_vinculo"", ""cbo_invalido"", ""data_inconsistente""]"
37171731893,CAEPF,74909617399704,2019-02-18,,422105,2024-06,"[""inscricao_invalida"", ""cbo_invalido""]"
44835488471,CNPJ,70587722164175,2022-01-30,,252210,2024-04,"[""cbo_invalido""]"
84587149392,CEI,23622925879643,2015-11-24,,261105,2024-11,"[""cbo_invalido"", ""data_inconsistente""]"
57469660606,CEI,27403344505665,2022-07-08,,252210,2024-08,"[""cbo_invalido"", ""ausencia_vinculo""]"
13257970673,CEI,99601054857417,2013-01-05,,142305,2024-11,"[""competencia_ausente"", ""dados_incompletos"", ""inscricao_invalida""]"
94938173598,CAEPF,48840215573257,2015-02-09,,411005,2024-07,"[""cbo_invalido"", ""data_inconsistente"", ""ausencia_vinculo""]"
21666708085,CNPJ,96085874951191,2022-07-10,,142105,2024-06,"[""inscricao_invalida""]"
79316477251,CNPJ,95786069409600,2015-01-20,,252505,2024-09,"[""data_inconsistente"", ""cbo_invalido"", ""competencia_ausente""]"
39592323421,CNPJ,89028515533342,2019-07-08,,252210,2024-08,"[""dados_incompletos""]"
71607360776,CNPJ,36911289812317,2023-07-26,,411005,2025-03,[]
18574817006,CEI,61554164316704,2017-04-02,2022-04-02,252210,2024-06,"[""inscricao_invalida""]"
22700934596,CNPJ,62282251207346,2018-05-16,,354120,2025-09,"[""cbo_invalido""]"
07026086982,CNPJ,10531611776872,2023-07-13,,142205,2024-11,"[""dados_incompletos"", ""cbo_invalido""]"
85917793238,CNPJ,23116491334245,2020-05-13,,142105,2025-06,"[""dados_incompletos"", ""cbo_invalido""]"
65290603202,CAEPF,03265097753967,2014-10-26,,354120,2025-07,"[""cbo_invalido"", ""inscricao_invalida"", ""data_inconsistente""]"
52457871584,CNPJ,56082137118425,2016-11-20,,142105,2024-03,"[""dados_incompletos"", ""competencia_ausente"", ""data_inconsistente""]"
23035892988,CNPJ,85838252129328,2023-09-04,,252210,2024-10,[]
64686775240,CNPJ,48439910622723,2018-10-11,,214630,2025-03,"[""dados_incompletos""]"
51342619237,CNPJ,45018481973741,2022-02-20,,422105,2024-06,[]
54064176927,CEI,38119953766014,2016-03-09,,214630,2025-06,"[""cbo_invalido"", ""data_inconsistente"", ""ausencia_vinculo""]"
01739739641,CAEPF,78996986091919,2012-02-17,2016-08-17,252210,2025-01,"[""inscricao_invalida"", ""competencia_ausente"", ""data_inconsistente""]"
05779806603,CAEPF,20514607455534,2020-01-02,,411005,2025-04,"[""cbo_invalido"", ""dados_incompletos"", ""inscricao_invalida""]"
88565271559,CAEPF,35411659726347,2017-11-12,,422105,2025-01,"[""cbo_invalido""]"
01394884882,CEI,91311964258562,2018-08-22,2023-01-22,261105,2024-10,"[""cbo_invalido""]"
37038240733,CNPJ,37320430977688,2022-09-28,2024-02-28,261105,2025-06,"[""inscricao_invalida"", ""competencia_ausente"", ""cbo_invalido""]"
54655358512,CEI,38921878519358,2015-01-09,,142410,2024-02,"[""competencia_ausente"", ""inscricao_invalida""]"
61208780572,CNPJ,51494097626374,2022-01-28,,354120,2024-12,[]
86289509059,CNPJ,19186233922071,2017-06-11,2020-01-11,142410,2025-01,"[""data_inconsistente"", ""competencia_ausente""]"
25214526471,CNPJ,46335157184090,2022-06-30,2024-11-30,142305,2024-06,[]
80056409951,CNPJ,39728351295927,2013-12-25,,261105,2025-03,[]
08144152982,CNPJ,73929578671815,2015-07-11,,252210,2025-05,[]
60507918158,CAEPF,98868345273466,2019-10-05,,422105,2024-01,"[""inscricao_invalida"", ""competencia_ausente""]"
96474080314,CAEPF,98250800463580,2019-09-24,,142105,2024-07,"[""data_inconsistente"", ""ausencia_vinculo"", ""dados_incompletos""]"
17235137399,CNPJ,06314035263560,2013-07-01,2015-04-01,142410,2024-09,"[""data_inconsistente"", ""inscricao_invalida""]"
43460666437,CEI,90607231112712,2022-01-16,,214505,2024-09,"[""data_inconsistente"", ""competencia_ausente"", ""cbo_invalido""]"
84494116318,CEI,32807711306211,2015-06-04,,411005,2025-03,"[""inscricao_invalida"", ""ausencia_vinculo""]"
83350902542,CEI,73066248132357,2010-07-27,,142305,2024-09,"[""inscricao_invalida"", ""dados_incompletos""]"
28501168809,CAEPF,25502130609069,2012-09-07,,241205,2024-02,"[""ausencia_vinculo""]"
79649673794,CEI,77278532426425,2010-06-21,,354120,2024-05,[]
68362536667,CAEPF,77675556283333,2022-10-01,2027-02-01,214630,2025-09,"[""inscricao_invalida"", ""competencia_ausente""]"
54362718749,CEI,03358268627036,2022-09-23,,354120,2025-07,"[""competencia_ausente"", ""inscricao_invalida"", ""dados_incompletos""]"
26573275998,CAEPF,01110005155323,2016-11-24,,411005,2025-09,"[""competencia_ausente"", ""data_inconsistente"", ""cbo_invalido""]"
24418222618,CAEPF,62887431271026,2020-08-09,,252505,2024-01,"[""competencia_ausente"", ""inscricao_invalida""]"
92707955151,CNPJ,29462135415970,2023-12-13,,521110,2024-06,"[""dados_incompletos"", ""inscricao_invalida""]"
48075203447,CEI,50471580290904,2018-07-16,2021-07-16,521110,2025-02,[]
46558665254,CAEPF,37441715810213,2011-09-02,2012-07-02,252505,2025-08,"[""ausencia_vinculo""]"
00591297519,CNPJ,02312110633016,2017-03-09,,252210,2025-05,"[""competencia_ausente"", ""inscricao_invalida"", ""dados_incompletos""]"
74907280123,CEI,28931132532694,2023-06-29,,214630,2024-10,[]
45380442101,CEI,50961701595919,2015-11-20,,411005,2025-04,"[""cbo_invalido"", ""competencia_ausente""]"
47583392056,CEI,75677722660256,2013-05-08,,142205,2025-03,"[""dados_incompletos"", ""data_inconsistente"", ""inscricao_invalida""]"
31067245307,CEI,24843379766270,2017-12-04,,142305,2024-11,"[""cbo_invalido"", ""dados_incompletos"", ""inscricao_invalida""]"
87367042549,CEI,91928455259710,2020-01-11,,252210,2024-08,"[""dados_incompletos"", ""cbo_invalido"", ""competencia_ausente""]"
48595325939,CAEPF,33797058162951,2021-11-14,,142410,2024-09,[]
63425073305,CEI,97824575983399,2012-09-13,2013-06-13,214505,2024-07,"[""cbo_invalido"", ""dados_incompletos"", ""competencia_ausente""]"
60443240061,CEI,72768297514743,2023-08-09,,252505,2025-08,[]
01058752568,CNPJ,65625904599080,2012-12-16,,354805,2024-03,[]
18231555165,CNPJ,76808662813721,2015-11-07,2016-08-07,214630,2025-07,[]
37003322855,CEI,60847068103903,2015-02-24,,142205,2024-12,"[""cbo_invalido"", ""inscricao_invalida"", ""dados_incompletos""]"
63280944858,CEI,23945354614707,2023-07-14,,214630,2025-06,"[""dados_incompletos""]"
10613394394,CEI,70394380403253,2021-03-16,,521110,2024-12,"[""inscricao_invalida"", ""dados_incompletos""]"
77894319100,CAEPF,00404769210533,2019-06-29,,411005,2024-03,"[""ausencia_vinculo"", ""cbo_invalido"", ""data_inconsistente""]"
14247310720,CNPJ,13798440971231,2018-12-01,,142205,2024-02,"[""competencia_ausente"", ""dados_incompletos""]"
09014473404,CNPJ,37009687304519,2018-03-28,,422105,2025-07,[]
58825562965,CEI,54278656194255,2020-06-19,,142105,2024-06,"[""inscricao_invalida"", ""dados_incompletos""]"
95829236161,CAEPF,80819048235715,2018-05-17,,521110,2025-06,"[""dados_incompletos"", ""inscricao_invalida""]"
56137230817,CNPJ,14364381300041,2014-08-24,2019-03-24,214630,2024-03,[]
71656094565,CNPJ,46997990707550,2015-09-27,,261105,2025-01,"[""competencia_ausente""]"
99570607174,CAEPF,11317653970548,2020-02-14,2022-10-14,142305,2024-01,"[""data_inconsistente"", ""ausencia_vinculo"", ""competencia_ausente""]"
18274968049,CNPJ,87274204956121,2014-06-20,,252210,2024-01,"[""data_inconsistente"", ""dados_incompletos"", ""competencia_ausente""]"
04235973711,CNPJ,22990775608581,2019-05-23,,354120,2025-03,"[""ausencia_vinculo"", ""data_inconsistente""]"
14576832102,CNPJ,92378584712961,2022-07-21,2024-01-21,252505,2024-11,[]
60508018498,CNPJ,42537337773126,2022-05-28,,142105,2024-03,[]
