cpf,numero_beneficio,codigo_especie,codigo_situacao,data_inicio
22939154686,415161046065,80,ATV,2020-02-15
48703376818,686511513922,87,CES,2012-05-15
63900830177,986851279587,31,ATV,2007-05-30
39223675855,676812293743,31,ATV,2021-11-30
82077279265,906869294761,81,ATV,2019-10-23
90511265140,482421039499,81,ATV,2020-03-20
48784988118,152340929997,81,ATV,2008-01-07
38733874174,551994481020,46,CES,2009-05-28
92420712501,842693170908,32,ATV,2015-11-26
34106002566,424244676306,87,SUS,2015-04-22
6292201821,348350338427,80,SUS,2007-01-13
63362754503,784101953628,32,ATV,2016-06-26
18319389445,842566894057,88,SUS,2012-05-16
59800845682,746095542284,32,ATV,2019-10-22
83490607945,937913347896,80,ATV,2009-09-19
96017888838,813760303653,87,ATV,2021-09-12
42987476701,174548778133,87,ATV,2009-08-29
2342958803,870920387147,42,ATV,2005-02-16
49661509492,404054503101,81,ATV,2017-02-04
47060280197,736739438915,31,ATV,2013-11-23
3216863905,797550283559,42,ATV,2021-02-07
17521521234,413440791543,81,CES,2013-07-05
12101161702,977684072567,80,ATV,2005-02-21
56393690275,718076938586,81,ATV,2022-04-10
73713846448,838505719633,80,REV,2019-10-14
6574227208,610550587234,42,ATV,2010-08-07
76174681050,173374684748,81,ATV,2014-06-03
94531292677,638364847859,42,ATV,2011-01-19
52110252456,380596323071,81,ATV,2009-12-07
89722911023,984458813257,42,ATV,2008-04-03
74661718771,223768840860,31,ATV,2020-07-30
67856810300,596797118985,31,ATV,2011-07-10
65784917676,227859752579,42,ATV,2022-08-22
71266280723,364581391539,88,ATV,2009-09-22
91133256554,218791851662,32,ATV,2024-11-27
57144341294,179077628958,42,ATV,2022-04-27
43613697122,124793824854,32,SUS,2012-07-11
60124840540,272898222441,87,ATV,2023-11-25
50076621944,473158385286,46,ATV,2021-11-14
90266064949,307666694851,81,ATV,2005-06-02
31796988103,376131174288,81,CES,2020-05-05
67928428938,271550714542,80,ATV,2020-11-30
10610735721,449762181324,42,ATV,2022-03-25
12661625003,265184581895,42,CES,2015-10-13
28287111536,339046665361,46,ATV,2020-12-23
55514509966,840256523996,80,ATV,2019-08-05
37542506129,914412037422,32,ATV,2012-02-06
92710615436,980679587219,32,SUS,2019-04-15
1339359650,178081373981,81,ATV,2025-06-11
68204063393,687259367845,32,ATV,2014-06-11
84680110961,413541871621,87,ATV,2016-12-10
16536689976,175001621986,31,ATV,2006-03-13
54440895999,797916616504,87,ATV,2022-12-16
16080095211,263683814837,42,ATV,2025-08-17
72321137657,246609478230,81,SUS,2019-07-18
96414016373,837580608752,42,ATV,2022-07-08
64675655920,612016620971,46,ATV,2011-07-31
15421167917,841414261692,42,SUS,2009-05-10
6403735500,934805379743,42,CES,2006-12-19
8390590000,753694295131,42,ATV,2014-01-17
72318978786,308350021169,31,ATV,2019-10-16
83196109828,104107299515,87,ATV,2012-12-25
29280410440,936007686053,87,ATV,2025-07-07
8058489670,453513828650,31,SUS,2013-10-13
48813612010,107999207394,80,ATV,2006-08-09
55240706816,658372897911,88,ATV,2020-10-06
6240016284,242113973134,81,ATV,2015-02-07
47159138872,797659221325,32,ATV,2022-02-06
46294822459,505995198629,42,ATV,2019-10-28
91110289634,279298352416,31,ATV,2008-03-04
85930630550,151879550027,81,ATV,2024-06-11
50954830415,943749807838,88,ATV,2022-11-05
36329361703,427448278872,42,ATV,2019-06-13
81475252730,595566410651,81,ATV,2008-02-25
10251056481,855852423877,46,CES,2009-02-19
37494378235,898645036805,32,ATV,2006-10-30
91899716041,878813175535,80,ATV,2012-03-24
19340177797,572572653980,87,ATV,2020-05-04
22571521071,538776617970,32,ATV,2023-01-20
66928923504,927746051698,87,ATV,2011-03-14
33751417346,316508207403,87,REV,2010-11-28
59915403496,503074909336,31,ATV,2024-08-27
81647335710,627763171221,31,ATV,2014-02-12
62176206002,165904256693,46,ATV,2019-10-07
63790723908,284996867612,81,ATV,2018-12-27
94885986893,936143795412,80,ATV,2016-04-03
11816550485,798708190820,42,CES,2016-02-13
49485499590,192005250780,87,ATV,2010-07-06
30726040371,496228126991,42,ATV,2015-11-09
57953612674,112944629852,46,ATV,2005-02-07
50652676260,817312661045,42,ATV,2022-02-28
86846176306,562677073790,32,SUS,2017-09-06
73902703733,302286459072,42,ATV,2019-10-11
35360031689,486651441838,31,ATV,2012-02-10
40087931273,554609145204,87,ATV,2012-03-24
70232035326,183019764471,87,CES,2014-03-10
55658217466,837151839241,32,ATV,2022-11-15
82718637978,761718352837,80,ATV,2012-01-14
60996057110,736390166254,31,REV,2021-01-12
11275244297,867137700613,80,REV,2014-08-27
90985445688,212854446916,31,ATV,2009-05-30
18059560603,334932544742,42,ATV,2013-04-03
53719290611,245760893541,31,ATV,2022-10-22
93842455348,417725064854,32,ATV,2020-04-23
15543328184,328222586683,46,ATV,2019-01-25
61263678980,961876021530,32,SUS,2018-05-08
22413002847,814858392659,87,ATV,2015-03-26
83898619419,889145124684,81,ATV,2023-02-09
77403683935,156589350381,81,ATV,2011-02-21
114496161,470383320139,46,ATV,2014-04-19
83482241813,617411259578,88,ATV,2011-01-14
77297132098,115629953393,81,ATV,2023-02-24
76338997437,539291684051,31,SUS,2012-07-11
16029180827,220572614735,42,ATV,2019-02-04
7921839916,720667916096,42,SUS,2006-12-20
87693612238,768994704477,80,ATV,2010-02-09
635887576,888241598603,46,REV,2016-10-25
30789464608,865889206605,31,ATV,2024-03-01
2247866280,989030506193,46,ATV,2011-07-21
21722737085,662762909167,46,ATV,2007-12-12
3518636480,464109627502,88,SUS,2019-05-19
12070905497,731199586982,88,ATV,2021-12-30
43159881202,267728906572,88,ATV,2010-07-26
1177907887,262039492093,42,ATV,2015-02-01
49011187652,144088879962,32,ATV,2017-06-22
75836273030,425636256310,32,CES,2010-01-26
33863514092,191147601871,80,ATV,2023-03-13
58691192437,751504846920,88,ATV,2020-01-15
65495729757,220833842060,46,ATV,2009-04-07
48816414413,120520480810,81,ATV,2007-03-05
47052961849,122533641864,81,ATV,2015-02-19
22390603874,156010233388,87,ATV,2005-07-31
62816345602,483959576481,46,ATV,2012-02-23
7306170252,596500355706,81,ATV,2006-09-30
2642306801,142704453635,80,ATV,2021-07-29
80340464429,324414947119,81,ATV,2015-12-12
26991685216,138994236375,32,REV,2020-06-19
89661728577,318265191093,87,ATV,2018-07-10
44212331616,649995346180,46,ATV,2006-08-31
70475950585,494513656424,42,ATV,2013-08-24
22422864473,624481832973,46,ATV,2009-11-28
42446799361,573025513749,80,CES,2019-08-09
68196231270,826399183324,46,ATV,2005-09-26
27862519159,535316580897,42,SUS,2008-05-05
68463299350,679582914131,87,ATV,2018-06-03
39928847754,222451935895,46,ATV,2011-02-15
30850443539,269374568327,81,ATV,2015-09-27
18044335005,717013462170,46,CES,2009-01-25
72872812792,473645941530,32,ATV,2015-10-30
31062526260,476543428317,31,ATV,2011-04-19
64650288835,376522234400,80,ATV,2014-03-12
86032805417,848092722785,87,ATV,2005-12-19
23485202738,207058540890,32,REV,2024-02-21
86405390306,666020096270,31,ATV,2017-07-27
21789467047,355203026058,42,ATV,2017-09-24
17771006400,528836200876,80,ATV,2005-01-30
98562802301,704663051668,32,ATV,2013-12-29
46677038300,173534243736,31,ATV,2011-06-20
94151563920,225486419991,42,ATV,2013-03-29
98400760352,933881484321,32,ATV,2022-12-23
86715514666,306163718047,81,ATV,2009-03-10
37011260030,699320556959,31,ATV,2023-11-17
26219759923,913064128730,32,ATV,2025-07-03
6996405041,225111780759,88,ATV,2013-06-13
38337522704,836446413415,46,ATV,2019-02-11
16229738953,452529942100,87,ATV,2013-09-19
26219284631,897001799693,42,ATV,2016-03-07
38346044968,845998862670,46,ATV,2017-08-04
78331959442,761159922125,81,ATV,2017-09-07
48059793560,474495600595,42,ATV,2015-01-25
50370914465,193670181472,32,ATV,2014-06-21
43172604683,936600569525,88,ATV,2022-09-22
67757503400,717770035185,32,ATV,2010-03-27
7010814490,150047840377,87,ATV,2023-09-05
79172551828,450048336218,42,REV,2012-01-03
93550112106,885887049556,81,SUS,2005-06-10
56423738467,295973305717,81,CES,2024-06-22
8982265465,115160653623,42,ATV,2022-06-10
25419821001,662154169558,42,ATV,2023-05-29
1045722480,261933523187,31,CES,2020-07-09
28924979817,793802799210,31,ATV,2012-09-15
87913427671,136831056416,42,CES,2021-07-26
22433281431,912766095869,87,ATV,2018-02-01
73675203182,148989491195,87,ATV,2005-10-15
29237847904,717403409708,32,ATV,2022-10-29
98453356084,533288279037,81,SUS,2011-09-21
71345234546,634554770562,31,ATV,2015-07-03
36332095490,687311142716,80,ATV,2013-07-11
93125540771,650733197731,87,CES,2006-12-09
15409756738,541754810031,87,CES,2014-11-25
71336997028,648931330848,32,ATV,2018-12-13
34933741271,764720748182,31,ATV,2017-05-17
68362431407,232619602458,80,ATV,2012-05-19
40523638760,800000955158,46,ATV,2013-03-06
39565420109,472966991335,42,CES,2024-02-12
6227798690,256003242556,81,ATV,2020-07-13
28788722821,179131736445,31,ATV,2017-01-28
45694616464,595082996079,80,CES,2007-06-26
35144590373,227093036253,81,ATV,2022-05-18
68193895584,517918733141,31,SUS,2013-08-01
53362050107,190864001986,81,ATV,2009-01-12
97685770962,126626229228,46,ATV,2013-06-06
95088534418,651446173228,88,ATV,2024-05-03
289065518,830548774656,32,ATV,2009-12-20
65269807246,164898683315,80,ATV,2016-03-17
61437337163,618632471054,31,CES,2020-11-17
83122281449,513831828393,81,ATV,2024-04-18
38096594877,302842330615,42,CES,2007-05-18
82600967818,671127731538,46,SUS,2020-08-16
68426762824,859355009380,31,ATV,2005-10-22
69174037684,142747862115,80,ATV,2010-03-27
33231679532,589152187557,46,ATV,2016-07-03
73512857051,188700940150,81,CES,2009-10-05
31087139570,587804639709,42,ATV,2012-07-31
83607083479,598495247038,46,ATV,2018-06-07
18387019828,710940745920,81,ATV,2024-02-19
59526290593,661051272901,46,CES,2007-03-17
65754260938,717136798005,88,ATV,2019-02-15
33909526594,855031166072,88,REV,2010-01-30
92622166702,980607092305,87,ATV,2009-03-03
31220199575,449289930572,80,ATV,2009-08-11
23800977206,747968254176,31,ATV,2008-03-03
94961231983,211635473787,31,ATV,2008-01-28
49094505487,731291570928,80,ATV,2019-05-30
99789723075,109371871716,88,ATV,2005-03-03
47916090503,246135211866,42,ATV,2024-12-28
90786213973,561543394576,87,ATV,2007-09-08
24119455661,492037060404,32,ATV,2007-12-19
88537649961,115534583069,31,ATV,2019-01-09
21275918956,559411673738,31,ATV,2007-06-25
6722989704,743800934432,80,ATV,2024-12-26
90502296542,117914477571,80,ATV,2020-11-21
59299409161,726236783920,81,ATV,2008-01-16
97015694077,223461154573,42,ATV,2020-01-14
30333382676,658807855980,32,ATV,2008-09-29
73727822015,465562778096,80,ATV,2014-08-18
95405825042,173701479453,32,ATV,2018-11-20
98234155369,332885649460,42,ATV,2025-04-20
46037538379,973837841975,32,ATV,2023-01-15
22616145197,368784394489,42,CES,2005-04-25
32472872640,930659534192,42,ATV,2016-04-07
63609985569,463694967118,81,ATV,2009-02-11
42658456816,601103759362,81,ATV,2005-10-25
628987102,809998115855,31,REV,2023-07-29
82188131444,270761110913,31,ATV,2024-04-15
96402395269,972468495209,42,ATV,2008-04-06
19829425096,157095716556,87,CES,2006-05-01
12684059306,126914032923,42,ATV,2014-03-26
94549432004,681029756246,88,ATV,2016-07-29
25504995493,146481185448,46,ATV,2024-11-14
18666004789,304984532375,81,ATV,2007-08-02
40775835196,268876477869,81,ATV,2011-02-06
58616986510,646738319248,42,ATV,2019-11-19
57689395716,656707840029,88,ATV,2005-07-14
45013301122,758709846212,87,ATV,2005-05-27
667656332,698382626822,42,ATV,2014-03-25
33846661430,292884063643,42,ATV,2013-11-19
87859110385,838068899099,46,ATV,2005-02-05
59850931078,914231794141,87,ATV,2017-04-23
89142692997,678513343219,87,ATV,2010-04-12
62383184063,287256333574,46,ATV,2015-02-03
33687375978,418100087417,46,ATV,2016-08-11
67194958600,972049878390,46,SUS,2015-04-03
98370677304,732219037050,42,ATV,2014-12-04
36248355568,344075169186,81,ATV,2018-09-13
92974667104,724208101792,46,ATV,2017-08-29
59138320355,970552367839,42,REV,2019-07-30
14315956163,317825372172,81,ATV,2014-05-05
19609403336,336525513751,88,ATV,2007-05-18
48522849110,412626353899,31,ATV,2007-09-05
3372909380,495916936536,88,ATV,2022-09-28
64515324950,523915146787,81,ATV,2013-11-02
2956897659,635283150718,32,ATV,2010-03-16
50232886172,459694197485,87,ATV,2005-06-14
18907064423,544982121705,80,ATV,2018-11-29
32599577829,781539924285,81,ATV,2015-09-14
41002764602,705504086769,32,CES,2020-09-01
78118048837,257259874149,87,ATV,2015-07-03
73493727100,319614657892,32,CES,2007-10-07
95590798590,425528521796,42,ATV,2018-01-30
96714186002,518834714132,88,CES,2017-09-03
32326306422,823389151275,42,ATV,2018-03-15
72483162533,148046150165,81,ATV,2010-11-25
81248683790,991733853527,88,ATV,2017-07-17
28914964000,449804033769,31,ATV,2009-03-31
45103282496,580024777455,32,ATV,2016-03-02
13957503515,721505636275,31,ATV,2019-03-17
90101233914,443837477358,46,SUS,2008-07-05
10904677966,770346292152,31,ATV,2010-07-01
73889521010,268365944985,81,CES,2011-02-18
72313661121,410770197903,87,ATV,2013-10-07
69545145510,415346102326,46,ATV,2008-07-08
50104198745,213129182185,81,ATV,2017-02-15
9509859370,857805306922,46,CES,2011-09-12
4774280372,317919547866,88,ATV,2014-12-07
14676381107,950317309079,32,ATV,2015-09-12
30678983895,480597937979,42,ATV,2013-11-20
32165324882,947546751253,80,ATV,2022-11-30
8200661687,294183147505,46,ATV,2013-02-21
52086778732,956045537878,88,ATV,2014-06-01
53858674206,605817056366,31,ATV,2019-12-20
20644954361,597284759667,46,CES,2014-11-27
36805539943,365675854198,32,CES,2005-10-15
47472054119,606288939364,88,ATV,2013-04-26
65999540739,761561764030,42,SUS,2009-10-03
85287408897,110826419179,32,ATV,2006-09-12
21332884490,719572817482,46,ATV,2021-04-12
21468829211,149853485965,80,ATV,2014-07-01
26932720094,522927085122,31,CES,2011-11-07
85790611486,864422999506,88,ATV,2017-07-19
56652498316,132677132715,88,CES,2020-10-31
20221187740,234305994329,80,ATV,2017-09-04
30601453000,358132230156,87,ATV,2014-04-06
8935737607,130391065202,80,ATV,2012-09-16
1525712721,539299748240,46,ATV,2015-07-31
11115817116,341900442555,32,REV,2016-06-24
90745505171,251496563142,46,SUS,2010-02-10
78083109053,529003697677,81,ATV,2020-11-08
19976578563,425063928640,31,SUS,2008-08-30
17426580598,438637357890,88,CES,2008-10-18
49363857433,297974634257,31,ATV,2005-07-12
36139600286,301083626757,31,SUS,2005-06-19
98537695572,932026082027,42,ATV,2009-07-04
15597080180,479682604373,81,ATV,2009-06-11
41216628904,361600584535,42,ATV,2014-12-21
59814685135,419886241109,42,ATV,2024-01-24
19451670688,688563638223,42,ATV,2010-01-05
52834664854,331924812944,88,ATV,2016-08-29
37222064567,307082043544,32,ATV,2024-05-28
23494928932,568326963320,31,ATV,2021-02-04
13078804364,261275406192,31,ATV,2012-06-29
99829453782,169708468697,88,ATV,2007-12-18
98409527812,514834598640,31,ATV,2021-08-13
96224760233,199732090811,80,ATV,2016-06-13
53619363080,566228013557,31,ATV,2016-01-29
3430781043,434711693431,31,ATV,2019-07-22
91869816765,109095965321,31,ATV,2013-10-13
28268973579,282612414174,31,REV,2015-07-20
42963978774,491652811239,88,ATV,2007-05-05
61788510739,512257848106,88,ATV,2018-01-14
21165520958,341678280539,88,ATV,2019-08-13
96251916230,139138017515,88,ATV,2017-11-26
61168960223,853221754113,88,ATV,2018-07-30
66816598881,676892711210,46,ATV,2007-11-17
12604113384,686938741776,88,ATV,2013-08-05
93434716700,415680344470,87,CES,2009-04-29
92499423897,807038352931,80,ATV,2019-08-28
16538081010,256862311607,80,ATV,2009-10-02
74903912450,802939483736,81,ATV,2009-07-02
55817634619,381684055865,31,ATV,2025-05-19
87116573836,532902277215,31,SUS,2022-02-07
85736160838,817994283616,80,ATV,2018-06-28
80131648292,694741474583,80,ATV,2010-08-26
80733532705,688882561704,42,ATV,2021-02-08
40398870420,397505427984,42,ATV,2014-08-04
64407435704,604114710406,32,CES,2012-09-22
25409006747,836929129205,32,ATV,2012-11-02
51854719998,870197329082,81,ATV,2009-01-22
45555653719,920934543896,87,SUS,2023-01-16
84760126406,118632197437,42,ATV,2019-04-12
89152483509,166466728887,87,ATV,2011-06-23
31416698566,958359987658,87,REV,2022-11-09
19898367555,201582442635,88,ATV,2020-03-21
84330409445,491475303893,88,CES,2022-09-08
80633511773,890579191067,88,ATV,2012-03-02
59309417340,333672936596,46,ATV,2011-12-06
66929252581,553008473444,81,ATV,2015-05-30
54603269315,630260404464,31,ATV,2011-08-22
26504668558,999978652230,81,ATV,2025-08-19
1027358322,890738842618,81,ATV,2023-08-11
86191349815,864988678000,80,ATV,2017-06-22
3126841856,280152040404,81,ATV,2024-01-16
77100195446,981520111640,88,REV,2018-04-01
87803878610,628680598880,31,ATV,2024-02-18
16941693320,395351499978,42,CES,2015-10-12
94234028100,749355570657,81,ATV,2008-08-14
92632768543,332817971086,46,ATV,2016-05-26
16711606140,598701095391,80,ATV,2019-09-28
36277459651,428654020955,81,ATV,2021-01-18
32176114469,541192038163,81,ATV,2018-11-09
14704096319,625807022614,42,ATV,2019-02-20
40157012409,173452936279,87,ATV,2020-01-14
12095116810,142336289742,32,ATV,2025-06-12
90042594731,657747661594,32,ATV,2009-04-03
94315966100,797635612080,31,ATV,2006-07-22
53616149800,257988192694,32,ATV,2005-04-23
37620147365,606484801098,87,REV,2009-10-08
61523733799,189576013030,31,ATV,2021-07-10
73674957396,290939369343,32,ATV,2006-08-19
60061676543,934245866614,80,ATV,2006-02-11
91935993402,211726803442,32,SUS,2023-06-15
42509022938,626515542653,81,ATV,2005-03-06
82325655865,994840025664,42,CES,2005-02-12
37688348676,755476428886,88,ATV,2013-01-19
66378103470,440882866067,42,ATV,2007-07-16
56232940814,239673077940,32,CES,2008-05-12
60001464000,333298961111,80,REV,2005-10-15
49080834521,556979392693,32,ATV,2021-04-08
48989154855,742917893641,87,ATV,2007-08-01
30344362205,878761033288,80,ATV,2024-07-20
6981504570,350907124086,32,ATV,2022-02-28
66780451223,653526814366,31,ATV,2020-02-12
24908029849,279434527410,31,ATV,2009-11-13
2376234638,831211233598,42,ATV,2024-02-28
59929093702,743116779055,42,ATV,2009-07-28
5396195908,616226718609,81,ATV,2018-03-30
46262939482,611953748827,80,ATV,2014-03-25
89979765917,670694883881,32,ATV,2017-09-16
34933643504,984457157178,80,ATV,2008-02-08
39259590337,245403306855,32,ATV,2016-05-24
56543553413,411231480609,87,ATV,2025-05-20
53938886943,613476339520,87,ATV,2019-12-16
57266209331,245771062131,32,SUS,2013-01-13
95562985845,671640784680,88,ATV,2014-08-11
48579267250,664661135658,46,ATV,2006-03-22
31117632423,722452667266,87,ATV,2014-10-09
79206519212,863516983409,88,ATV,2011-03-14
4992064361,134038291406,87,SUS,2014-04-17
50724514708,184168527716,88,ATV,2010-07-01
48560984119,744075399601,31,ATV,2010-08-14
66777360409,488708830847,46,SUS,2019-01-17
51508466866,429657227319,46,ATV,2008-05-30
36617241851,790623357479,80,REV,2015-04-28
16457762476,142329551684,46,ATV,2015-08-19
38276568696,858918452996,80,ATV,2011-01-03
14617145834,626411689832,31,REV,2014-09-23
29606060357,140240561054,31,ATV,2011-11-05
55386087002,954092347608,81,ATV,2024-12-04
43897603942,564566305067,42,ATV,2016-10-26
32952725810,739746645808,87,ATV,2008-12-06
20774691450,788694200538,31,ATV,2016-08-18
16581592331,724159698529,31,ATV,2013-02-16
71702584046,164121382629,87,ATV,2011-04-12
92587718503,918478333496,80,SUS,2009-05-13
51097152383,889502888406,32,ATV,2017-09-01
77819616172,886989344880,80,SUS,2008-02-04
31868086429,172149361228,81,ATV,2024-01-06
64781495958,450472140666,80,REV,2015-10-25
63220113400,884522918203,87,SUS,2005-10-14
12107987270,587700498538,42,ATV,2018-07-15
70130280887,660470023330,46,ATV,2013-04-30
33306770744,104407262352,32,ATV,2007-11-30
44806737682,794377697833,88,ATV,2013-09-20
72669059740,786712551937,88,ATV,2012-09-28
99113527576,584031043311,46,ATV,2025-01-30
66037196575,907782005315,42,ATV,2019-12-06
75487409218,944686439665,42,ATV,2011-04-04
92251030000,352287273696,81,ATV,2023-07-17
6039184418,433449580689,46,ATV,2007-11-30
82337817709,509606906807,80,ATV,2013-03-07
79643824462,683139905777,81,ATV,2014-07-29
7919564824,504075688820,87,ATV,2008-04-20
70244049653,744702450983,88,ATV,2007-11-07
77116006150,617589189609,87,ATV,2021-10-10
23598854137,525291218017,32,ATV,2009-12-19
72869111479,746223422710,80,ATV,2006-09-01
15512711091,552700217682,81,ATV,2016-02-06
24246951137,778762587275,80,ATV,2025-03-25
83148843592,565899299355,88,ATV,2016-02-21
64364910074,184337990276,46,ATV,2012-06-04
49409016029,938960674906,31,ATV,2025-04-11
71756442720,297719081568,80,ATV,2024-08-02
42850056545,390029853992,87,ATV,2005-05-28
3014538370,426121999629,31,ATV,2020-08-19
47321414710,971893050152,42,ATV,2006-04-04
59650859667,808453935939,31,ATV,2019-11-06
81833549201,949918443575,42,CES,2016-08-10
45878776464,978201674753,80,ATV,2016-02-22
74431611584,989056201427,42,ATV,2006-12-14
62439700355,413822880254,88,CES,2020-10-21
92903757607,129809504542,31,ATV,2008-05-09
85757280751,928239404545,46,ATV,2023-06-12
89085261961,377807534011,32,ATV,2023-07-31
85125094145,767395445551,32,ATV,2022-06-17
29299486557,365936695391,81,SUS,2022-04-02
46961471269,654445313762,32,ATV,2013-12-04
59516212166,753104161986,88,ATV,2008-03-16
89911166473,741112578299,32,CES,2022-02-17
43575957380,547984322316,88,ATV,2007-05-23
62335328689,290943443903,42,ATV,2006-04-17
12623543402,770201730544,80,ATV,2025-01-08
75619017206,131946542594,46,ATV,2013-12-07
93483498648,542645971610,32,ATV,2024-04-17
26852497372,447613853404,31,CES,2021-07-12
74886704344,532851944462,42,ATV,2019-09-04
13185089162,341494980571,88,ATV,2014-02-22
53519133997,443682202732,80,ATV,2007-06-29
82766351132,374308000724,31,ATV,2019-04-13
13085971777,355220648672,42,CES,2023-03-05
66342811067,361256310406,46,ATV,2007-08-12
4150386854,443382451360,88,ATV,2019-02-18
6834937870,604408685909,46,SUS,2005-01-23
6875664445,879867019681,42,CES,2012-01-30
54632174831,790104581691,80,ATV,2011-02-24
60898300541,236043773509,88,ATV,2025-07-04
68108548608,854135699621,80,ATV,2025-03-22
39136104809,962591990399,87,CES,2006-05-24
2561294790,685992052714,46,ATV,2017-01-26
73352985553,409814520728,42,ATV,2005-03-12
38426384269,623742192443,88,ATV,2015-07-11
18666970642,863851949413,80,ATV,2017-05-28
5109647534,177221063986,32,SUS,2009-02-24
12331369844,670065238160,46,ATV,2011-09-12
13389920668,933100066865,46,ATV,2011-12-03
7068025609,394506205436,31,REV,2023-03-26
56396536552,329265487122,46,REV,2007-07-12
40196029996,267141517097,32,ATV,2010-10-14
63823267124,765715174013,46,CES,2015-05-04
3233772033,808990422229,42,ATV,2016-08-17
87647059270,998538859633,81,ATV,2010-03-24
90986966355,307659365214,81,ATV,2023-10-10
12125251167,455036104004,42,ATV,2008-03-16
38459636623,375228875281,31,ATV,2010-09-13
52535580470,647896130323,46,CES,2012-12-27
45970523216,708408487943,42,SUS,2023-09-18
21691868914,975862965610,32,ATV,2010-10-15
15708741821,229216453475,87,ATV,2011-01-08
76564054700,546781402341,81,CES,2005-08-11
83994307813,745742546409,80,ATV,2013-01-14
9609856381,429947045334,81,CES,2014-05-12
33903498041,840472782274,32,CES,2021-08-04
74541661802,581878133150,81,CES,2023-03-04
12796663310,503895148839,32,ATV,2013-10-14
33372861868,740177076960,42,ATV,2017-07-21
23650541610,755280597436,46,ATV,2017-11-10
86832422008,450336541812,80,ATV,2010-05-10
74418965416,828193185474,42,ATV,2018-02-14
73913845267,958308880935,87,CES,2018-10-02
75750381838,347630055746,46,REV,2021-01-01
11118294033,496373607192,46,ATV,2009-07-03
47412766864,543550702143,46,ATV,2017-03-29
37025020257,104040967593,80,SUS,2022-07-08
43241455637,469693602821,46,REV,2010-11-29
58606431362,251551246169,88,SUS,2018-08-11
38788958442,375605354505,88,ATV,2013-06-06
76961212948,119291310799,88,SUS,2020-11-26
72197699466,543465398598,32,ATV,2022-05-25
91754693679,135744362935,46,ATV,2022-04-03
79237355149,861626885854,87,ATV,2010-09-04
40379547961,123521025092,46,ATV,2018-01-11
7612445735,244339153172,87,SUS,2022-08-30
58513682098,759144903269,42,ATV,2009-02-10
55042424873,867394009218,88,ATV,2012-06-22
14031219237,664302423837,88,ATV,2009-02-21
47846181041,981680015946,80,ATV,2010-04-30
78805529281,751591645391,31,ATV,2020-02-21
12955858986,670499789754,46,ATV,2006-10-11
51229669159,486293472621,42,SUS,2020-04-06
89165198379,796725401693,87,ATV,2021-02-28
21303737396,480395483597,46,ATV,2005-07-18
27764387290,329079966539,31,ATV,2017-06-29
17471102721,879379330731,46,REV,2007-01-09
66125639827,474954905932,87,ATV,2014-01-04
86575972683,470964269427,42,ATV,2006-10-30
16759872622,532950756328,88,ATV,2008-09-30
71974766314,719219026042,32,ATV,2008-06-17
84312840644,813506358545,32,ATV,2015-01-04
39437237476,761383859703,80,ATV,2019-04-01
44278931980,386663444287,42,REV,2014-03-15
90338595309,366660208648,88,ATV,2016-09-25
874899702,960562907974,46,ATV,2013-08-06
85047836185,626117488734,46,ATV,2006-07-25
6329807884,719925361636,80,CES,2024-12-30
77619313486,379256685250,88,SUS,2012-01-20
88449312817,374123214254,81,REV,2013-04-11
19888703641,290311652387,31,ATV,2013-04-03
22948074991,352959033551,42,ATV,2006-11-30
35583443758,750138924069,87,ATV,2022-11-07
55978046506,637254199881,81,CES,2018-05-12
81028541201,845161281262,31,ATV,2018-08-06
65492926110,843852003174,42,ATV,2011-05-08
40738693294,795416100823,42,ATV,2024-08-21
22096697662,211486117933,88,ATV,2016-02-22
2630639177,353376547518,81,ATV,2012-03-08
77335412390,386332934944,46,ATV,2013-04-06
14480402560,537872746480,46,ATV,2008-05-25
10122790146,784218811315,81,ATV,2022-06-12
69943091347,876733573115,31,ATV,2010-04-02
24794094060,753619800851,81,ATV,2020-11-17
13759131310,289330369495,88,ATV,2006-09-14
81581076720,221348240958,31,CES,2021-10-02
79729908400,667821321977,31,ATV,2018-11-25
78836402089,653629458432,80,ATV,2007-04-06
30846489996,235396289386,32,ATV,2009-11-05
7060329773,589296636347,87,ATV,2022-06-28
79805039889,404223348686,46,ATV,2015-01-04
70726406732,107601118084,87,ATV,2019-01-17
73684319473,179213410418,81,ATV,2021-02-27
24158503302,232585591813,42,ATV,2012-08-27
3210044937,164213005139,81,ATV,2024-04-03
84526442054,410224587024,32,ATV,2014-09-25
63036945199,723815246058,88,ATV,2022-08-11
5941897057,927252533983,80,ATV,2012-10-08
90111178169,146549246169,46,ATV,2012-02-07
48512643218,211032988628,81,REV,2018-10-20
62495500897,563214765291,87,ATV,2024-06-30
80562268421,266381631243,80,ATV,2016-12-02
68255972218,303063876530,87,ATV,2018-03-06
54640608128,201448006146,81,ATV,2023-12-10
35736935392,676877675709,88,ATV,2010-08-09
31994277904,808312616350,32,ATV,2014-09-27
45278397993,803107025059,80,ATV,2020-03-30
76457845550,228858699110,80,ATV,2009-04-03
90422464309,440240702344,32,SUS,2016-05-21
12028285826,209787606003,80,ATV,2005-07-09
39567569088,307121739127,87,SUS,2017-11-23
78371677162,898329190860,80,ATV,2015-02-06
94555623754,369125604196,32,ATV,2009-07-06
93007115809,548396203539,42,ATV,2023-05-05
99391554415,792098860992,32,ATV,2006-11-15
4576527800,572135584340,46,ATV,2005-01-12
14082412778,715115736868,46,ATV,2023-02-17
68266067040,890396717375,31,CES,2017-07-13
54802840888,692664835861,46,ATV,2005-10-15
15676489243,445756143649,32,ATV,2017-03-05
72057590054,421580464100,32,ATV,2011-10-23
89837781130,599288022447,88,REV,2011-11-02
1487390912,962395330336,46,ATV,2007-06-22
39943696060,220826014050,80,SUS,2010-11-08
80390811653,557323680156,31,ATV,2020-05-08
66156435379,523718564129,46,ATV,2022-08-16
35127534932,853695708650,88,ATV,2014-08-06
19627300349,306529657562,81,ATV,2014-12-22
23077104504,276605242478,32,ATV,2009-11-05
15164968258,966309460643,80,ATV,2022-08-31
56521266047,455445586609,31,ATV,2018-04-15
78198942700,720721051633,31,ATV,2022-05-05
71731385820,900543255078,81,CES,2009-12-22
66050773858,888544270304,88,REV,2020-08-09
12685950559,982537859752,32,ATV,2018-05-18
85755567549,636204867289,46,ATV,2016-12-31
2067626825,671443364274,81,ATV,2015-07-04
91720303800,598501211066,32,ATV,2014-11-15
93229471792,414149562898,31,CES,2017-09-18
49536889102,529607813059,88,ATV,2010-04-10
49173017000,677663261705,87,SUS,2007-08-27
86177306179,439833260834,80,SUS,2007-03-29
40025770829,612314135172,42,ATV,2014-08-08
59530426470,602151735456,42,ATV,2014-04-11
58177134469,893136818642,46,ATV,2009-02-16
54707049559,257454636623,31,ATV,2017-05-24
90474499677,634330337894,32,ATV,2007-02-20
25060688569,963209011213,32,ATV,2018-07-14
58739124916,637408225728,88,ATV,2006-07-24
82655309863,112587114584,42,ATV,2011-05-24
89715403034,270597443532,80,ATV,2018-05-24
60969718900,563508068921,31,ATV,2020-09-23
25800236070,238966958408,87,ATV,2020-08-10
39785164039,559736810195,81,SUS,2015-11-27
65916180667,751088629543,81,ATV,2009-08-18
87332288095,542436507403,32,ATV,2009-05-08
66881821816,331959705537,46,ATV,2013-03-24
77251177501,196630260748,46,ATV,2011-07-06
37975946079,757401249296,42,ATV,2009-06-22
7255874827,680609273885,88,ATV,2018-05-27
29909339722,826860986297,46,ATV,2007-04-11
25373620122,374162203016,80,ATV,2012-05-18
15541687160,625571756028,32,ATV,2005-11-25
52205511599,354785334330,42,ATV,2021-06-19
96830809878,118443715748,46,ATV,2007-04-26
55194433352,547395190427,31,ATV,2019-01-20
70004646231,118149117356,88,ATV,2010-02-06
45081735868,869279835376,32,ATV,2015-09-21
96722871517,292953498640,88,ATV,2006-12-07
89962056217,640896093182,88,ATV,2015-11-20
59781227761,280813175302,46,ATV,2022-06-17
74372308361,967741400790,88,ATV,2019-07-23
42568804963,435302408455,42,ATV,2014-05-04
61161837949,498191784305,32,ATV,2022-05-31
2076151109,218833433070,42,ATV,2009-10-22
62852003350,542404691285,32,ATV,2010-09-21
34843825468,872460720022,87,SUS,2007-09-04
10443828725,913259788482,31,ATV,2020-07-19
63868195432,692880832820,81,SUS,2013-02-15
33370218836,101246595746,31,SUS,2013-01-24
11893200370,932100065876,87,ATV,2023-03-14
72409810292,228677809839,87,ATV,2012-10-27
34894414864,460708489858,88,CES,2021-08-31
10734469217,356716143432,81,SUS,2013-06-17
92766667962,670648270906,88,ATV,2012-03-06
69353604982,615808370897,81,ATV,2006-01-12
16738031726,181235344989,87,SUS,2009-10-08
4558793111,266542012049,87,REV,2006-12-20
8601233830,128644980127,81,SUS,2024-10-07
49225818807,322609676322,42,ATV,2010-08-30
27275538628,689140262981,46,ATV,2005-05-01
64665210799,971887374939,42,ATV,2013-11-01
85745187948,741345522083,87,ATV,2015-06-11
7610921297,514486968869,31,ATV,2025-08-29
69664729809,775378837221,46,SUS,2005-03-25
56456177464,100338527038,87,ATV,2025-05-05
32196698679,127458185984,88,ATV,2012-01-23
42658225172,459338989028,81,ATV,2008-08-24
56234593909,761913748545,31,ATV,2019-02-24
13818286639,138039898597,32,ATV,2019-02-08
3883267430,790310970820,87,ATV,2007-04-07
62687233331,142396093286,88,REV,2016-05-12
11509821449,877008523332,88,ATV,2007-07-26
42031404636,918993119842,87,ATV,2012-02-14
79600093920,184457596559,42,REV,2020-11-03
87826831660,704703463677,42,REV,2021-06-03
69898501596,339864076970,88,ATV,2016-10-02
40192172620,520833542286,88,ATV,2017-03-13
59800379770,544182402853,42,ATV,2018-02-19
50070411140,982633247950,42,ATV,2006-10-17
35591425801,795471362379,87,ATV,2009-07-07
4529634000,907393981318,81,ATV,2014-12-05
75872894538,931688673588,31,ATV,2012-05-19
43556310368,243044769838,88,ATV,2006-05-07
55810826008,641980564280,81,ATV,2023-06-05
28871526104,246631720247,88,ATV,2011-05-06
42812473355,523824998159,87,ATV,2018-02-25
29600976376,623988781292,42,ATV,2015-09-17
70311687083,486506579200,31,ATV,2023-11-20
9803266802,599409697470,32,ATV,2012-09-14
93125561507,374508870611,87,REV,2020-01-24
73321884739,609859751968,32,ATV,2009-05-05
34269884703,462358866554,88,ATV,2005-03-21
22436518904,546225569922,81,ATV,2020-04-30
78562922293,203224734247,88,SUS,2005-05-07
81150380675,698015506549,80,ATV,2020-02-14
1686259034,575546829891,88,SUS,2012-10-01
82601011653,524992047258,31,ATV,2010-08-04
38146087639,391115259558,81,ATV,2011-06-07
97779228843,925954353051,87,ATV,2012-05-20
94583799039,596838895631,80,ATV,2008-05-18
90854112707,369203957513,87,ATV,2018-05-16
17475282937,190381349255,80,CES,2005-08-07
94882237660,223970383441,42,SUS,2017-09-16
66748017980,805891033433,87,REV,2016-01-15
21906441863,707751997867,31,SUS,2025-05-16
97893068060,264425388238,32,ATV,2021-04-17
8565910091,558943171615,88,CES,2012-04-02
44918949061,305110030958,42,ATV,2011-01-12
85659839355,225583247040,32,ATV,2009-06-24
29231016423,636630779327,46,ATV,2013-12-10
50781162904,137827573752,88,ATV,2007-05-16
87419143412,888870811231,46,ATV,2017-12-08
99295822072,517157674815,80,ATV,2008-05-02
31356705200,308432575832,31,CES,2015-09-07
22090107308,889044312998,42,ATV,2012-01-27
22814195921,981727281502,88,ATV,2022-10-19
57245903956,723110662470,88,ATV,2023-05-14
53409299149,100122767238,88,SUS,2008-08-31
35372009519,365477270009,46,ATV,2021-07-07
97614877250,320108856823,80,ATV,2016-05-22
68597492538,705098340355,31,ATV,2016-07-03
6369051284,121171686130,80,ATV,2022-10-23
42956776045,752087310190,46,ATV,2024-11-14
23506426150,944259686001,81,ATV,2012-01-03
52459028938,929301844382,88,ATV,2016-07-14
88213094794,732040538473,42,ATV,2016-12-17
13923387865,981901315756,32,SUS,2015-06-05
96558535009,909027067609,81,ATV,2020-12-22
69196407751,328233083127,80,ATV,2022-09-02
29456364844,152047247114,81,REV,2010-04-20
77367321919,514004887052,80,ATV,2016-10-23
42668235502,249995577627,32,ATV,2024-12-11
87967471296,150066389089,32,CES,2022-10-10
63064705814,229383599201,88,ATV,2011-04-24
58014623339,636613182673,42,ATV,2022-12-13
70690969767,772106192420,42,SUS,2007-06-11
45950130782,746170798941,42,ATV,2008-12-10
83271793573,306089269486,31,ATV,2012-08-19
43141025193,684271624020,88,ATV,2017-09-02
65530418570,832689426624,80,ATV,2008-04-24
75273588316,639849474339,81,REV,2011-06-07
9812918302,355703065750,87,CES,2018-08-21
94855484865,711242905812,42,ATV,2012-12-27
99551264509,429192570557,31,CES,2007-05-07
63321713756,990093972662,31,SUS,2019-02-20
89692797252,553385252297,81,SUS,2005-11-21
7002874853,930115010529,46,ATV,2023-03-31
29618079724,172304830857,88,ATV,2023-05-07
2873834587,712271626477,42,ATV,2011-03-01
63717625756,704570265811,80,REV,2018-05-17
43031953754,985264825529,31,ATV,2022-12-31
12317912846,230426740952,80,CES,2007-06-06
62859779094,272224044275,46,CES,2014-09-09
49884210071,975600846267,81,ATV,2024-03-26
11000010937,715605604877,80,ATV,2015-01-23
76519422304,457641691447,87,ATV,2017-09-27
47102675372,452496610533,87,ATV,2006-02-06
40477959415,757030131476,42,ATV,2018-07-11
43297654384,148928493758,87,CES,2018-10-29
76636833904,729163404184,81,ATV,2009-05-06
41531051472,474941624930,46,ATV,2006-03-21
39232262681,356432965020,32,ATV,2012-02-18
14157520440,476442103119,81,ATV,2009-07-02
17903598996,785532944227,81,SUS,2008-08-03
83245978081,240463785379,46,CES,2012-10-31
87953041502,389820269001,87,SUS,2025-06-23
5546012811,813927719518,42,ATV,2005-01-06
87782253373,818256782708,88,ATV,2020-08-30
5937476409,501081913218,80,SUS,2025-05-06
88458813858,756533107982,46,ATV,2018-02-19
68203995020,258887046505,81,ATV,2024-08-18
5462189540,659788387425,87,ATV,2024-08-19
9566690266,428816482293,46,SUS,2019-04-07
72401526420,289442369705,46,ATV,2021-09-22
85178305477,728830460200,88,ATV,2016-06-15
22324541939,721745261387,42,ATV,2006-03-25
52570162060,182522983395,46,ATV,2017-09-21
77189641246,538038767003,87,ATV,2023-12-25
21463288786,327135339714,31,ATV,2011-06-15
57254212014,203509353436,87,REV,2014-06-06
30984949720,121631801321,32,ATV,2017-10-24
20042748321,483150560602,46,ATV,2015-03-19
89037013309,327826082285,81,ATV,2024-08-16
28423111083,743865088232,42,ATV,2024-08-27
66563553150,726546459448,87,ATV,2007-05-17
96730698675,554701319367,32,SUS,2010-03-01
88786797557,431544759279,88,ATV,2021-04-03
20329319825,133172377195,80,ATV,2023-01-28
50969849583,926682281970,31,ATV,2006-09-14
45746325937,549156690748,31,ATV,2005-07-05
16238888679,815292634379,32,ATV,2010-12-11
55255925845,959908728358,81,ATV,2011-05-12
38523809287,772517678592,46,ATV,2022-12-09
44951800705,281135572596,46,ATV,2018-08-22
8371832435,564826624309,87,ATV,2012-10-02
90422096407,957540662553,81,SUS,2019-11-03
76157082810,127638702811,42,SUS,2005-10-15
47766193507,672805091971,31,SUS,2005-01-30
99721689998,494906146111,88,ATV,2022-01-25
94835263707,688562316325,42,REV,2022-07-18
89071451305,920250418080,87,ATV,2020-07-30
92457467632,521079521757,88,ATV,2019-05-16
64699096557,640399926675,87,ATV,2009-07-19
93474440730,675225648533,42,ATV,2011-11-27
42285444524,207858885204,81,ATV,2009-08-25
66043725886,281734159413,46,ATV,2024-10-28
96426732664,911529154678,46,ATV,2014-03-15
1277496919,119459036002,46,ATV,2009-06-12
10540676861,638195448592,81,ATV,2013-09-16
72386268535,904581787412,80,ATV,2023-08-14
76353345739,443182936568,42,ATV,2013-02-02
34974650971,484232934145,31,ATV,2012-04-22
74908517851,381860277982,81,ATV,2009-02-21
51154374734,686992783898,42,ATV,2012-09-20
95161910968,452714950422,81,ATV,2017-04-17
51624176453,839285641445,46,ATV,2018-12-17
76428186616,269550197761,42,ATV,2011-07-10
72063196613,709889625684,80,ATV,2007-09-26
56753034994,150026681312,88,ATV,2007-12-11
92086433794,948604112073,81,ATV,2021-10-12
66886963120,844247290490,46,REV,2018-02-19
69752849032,970293976871,32,CES,2018-03-23
39675262320,815634459399,80,ATV,2020-11-22
49857659705,938286992099,46,ATV,2006-09-05
51972951122,589947072709,46,ATV,2015-12-30
47244624506,371935746937,42,ATV,2019-08-30
12469750687,183212977772,46,ATV,2022-06-08
24041253209,505652685316,32,ATV,2025-02-09
36864664228,653967750051,81,REV,2016-02-13
88588562871,605305388305,42,ATV,2018-08-06
33983252621,480183257208,88,CES,2023-03-22
85855271960,697908694159,88,ATV,2023-07-01
84523668175,372028895473,46,ATV,2006-04-17
78399971553,437286750487,81,SUS,2021-02-27
12291718860,727891249152,88,ATV,2020-03-17
59694091705,995721006892,32,ATV,2005-06-25
11011282402,603278293993,80,CES,2019-01-11
86926375135,460720400039,87,SUS,2024-08-16
77425598973,931050996333,87,ATV,2008-06-07
84574076437,310822461291,42,ATV,2023-07-26
62555452885,260567603145,42,ATV,2015-05-09
26028868906,896692648268,32,ATV,2012-07-11
75856632931,874329204620,32,ATV,2011-07-01
99562272699,331539806972,87,SUS,2012-09-21
38711923504,519681562644,80,SUS,2018-11-29
50799604690,217306131486,87,ATV,2023-09-24
72051785686,646800160271,81,ATV,2019-04-29
40263168409,439069672362,80,ATV,2015-10-23
76728095128,621126636410,42,ATV,2011-05-17
14509036221,174799270109,31,ATV,2011-03-13
16758164250,241950189342,87,ATV,2020-05-20
13242374223,661834863620,80,ATV,2008-05-09
48826096309,133517452847,80,ATV,2022-01-29
73430393183,126396430983,81,ATV,2020-12-22
99716573413,578834841453,80,ATV,2014-12-15
50472461672,483367160458,32,ATV,2019-05-09
17576312084,759344801653,32,CES,2013-05-27
78923400840,671201823009,32,CES,2023-04-28
65362974408,909725042520,31,ATV,2013-08-18
80173821545,316532425571,31,ATV,2021-03-23
81098603974,992322426928,87,ATV,2023-05-05
76843714013,156750244128,80,ATV,2025-06-16
11089425635,470970598352,87,ATV,2006-01-16
60731016513,234622177032,42,ATV,2009-06-26
35664743638,679335757914,81,ATV,2005-09-05
1567073816,667514028733,88,REV,2008-09-24
92391827130,324221602922,46,SUS,2017-03-30
53257766734,254010448978,80,ATV,2014-02-15
6356469609,819504999267,46,ATV,2009-08-27
44675002510,668470700305,32,ATV,2013-05-10
79770039020,728571679283,31,ATV,2012-07-25
89341974801,447694929046,42,ATV,2022-09-14
13222650039,318672799721,42,REV,2009-01-13
5755765880,233228950828,46,ATV,2023-01-24
10338913980,971471537644,31,ATV,2021-09-05
59735139804,362726965507,80,ATV,2013-10-12
56317860289,225405273878,32,ATV,2010-08-30
98764744809,924656174662,81,SUS,2014-09-14
12878926714,278938075617,42,ATV,2020-09-07
92450107169,686043766314,81,SUS,2019-07-19
44639865759,112681067098,80,ATV,2010-08-20
7627744016,189273278684,31,ATV,2006-09-28
83590405244,131538039494,80,ATV,2022-10-26
88558128073,955939858384,42,ATV,2007-10-14
32794715321,207792144886,87,ATV,2006-06-15
819822671,313511558905,31,ATV,2010-02-19
45157651597,165772316986,31,ATV,2016-06-02
95275201184,941426348662,80,SUS,2020-07-28
34284017438,370793071560,88,ATV,2008-08-22
13165500959,174638111339,81,CES,2009-08-14
34198651124,979575031157,31,ATV,2006-03-04
63029011038,129747231020,88,ATV,2024-02-05
41398479217,961886492853,88,ATV,2005-09-23
77111394976,904770645508,80,CES,2016-07-04
1329539788,171278021160,42,SUS,2008-09-10
198986734,218116336399,81,ATV,2020-08-16
23175950426,965146470396,87,ATV,2010-06-23
70938461141,167493137457,46,ATV,2021-05-27
16307546174,750513643470,87,ATV,2024-04-24
7499481913,660149596157,31,ATV,2021-03-02
89983626438,153484162656,81,ATV,2019-04-03
54570239072,879698886134,81,ATV,2020-10-07
75862120319,727308578098,32,ATV,2025-07-06
90722362544,702518035287,88,CES,2009-09-05
14963684527,829359491375,88,ATV,2013-08-08
89140967930,234217751944,87,REV,2013-11-18
44660509028,912076072264,46,ATV,2022-04-18
3017728358,576748821379,80,ATV,2012-05-04
81129758338,703517790469,31,ATV,2005-10-14
64449305884,650460437564,81,ATV,2009-03-18
74218414076,860334942510,81,CES,2024-11-06
55900040046,229624322569,81,REV,2024-04-14
33972216505,124106091627,42,ATV,2017-03-06
48919533490,569662227291,81,CES,2007-11-07
27950911603,864821772218,32,ATV,2007-03-03
52163934985,658221761967,32,ATV,2017-10-10
34856362151,906973507559,81,CES,2005-06-04
7997777229,960527123552,46,SUS,2010-03-16
51666094765,506442394889,32,ATV,2022-01-01
28113923942,548936865042,80,CES,2024-06-17
56439387316,428017988550,32,CES,2021-06-17
36492102746,123593632042,31,ATV,2011-08-09
19938051928,803816036006,46,ATV,2010-05-29
28012232049,477067813101,88,ATV,2022-08-07
45590430860,272248617979,42,ATV,2011-01-16
95000466799,157490803291,42,ATV,2014-05-31
20634698656,331726636622,87,ATV,2015-05-07
39625217207,205197461908,46,ATV,2015-12-10
55792370141,758838080248,80,ATV,2014-10-19
6586614694,492335488868,46,ATV,2019-05-29
37247153660,380739696475,80,ATV,2005-04-14
58216059540,998717367562,46,ATV,2021-05-27
73796046274,539570076421,87,ATV,2018-10-28
5696370233,870133620346,42,ATV,2014-04-28
10562116605,177189330338,31,ATV,2010-08-25
50042937833,752326661541,42,ATV,2018-03-29
60751679607,415986089053,88,ATV,2022-02-24
33198876966,324313045755,31,CES,2007-04-23
12919237136,257263598940,42,CES,2006-03-25
94491889392,804629479331,88,ATV,2008-08-23
51662447370,722436152332,46,ATV,2014-04-23
6636522194,438942146155,80,ATV,2010-02-26
46943213660,489590984635,88,ATV,2017-06-04
99850608650,647738997802,80,SUS,2011-07-11
28454606270,898673182666,32,ATV,2025-05-02
5583683104,605768053970,42,REV,2018-06-22
68210734903,613445451290,81,ATV,2014-12-10
59966716386,696196349794,87,ATV,2011-09-11
11519787529,226719582608,42,SUS,2013-08-08
80503434647,873737309913,42,CES,2015-08-19
27259481420,246883252497,31,ATV,2006-02-21
91574416855,867348855845,32,CES,2006-02-05
71662578148,387327453599,46,ATV,2007-10-23
23095295596,653339246689,80,CES,2005-01-04
96703642567,716109049388,31,CES,2008-06-19
61709867434,411628848368,81,ATV,2017-06-01
40855503815,569420331094,31,SUS,2012-09-13
39504650902,858661384487,42,ATV,2022-10-29
21872424040,607124589493,32,ATV,2006-12-17
9360912077,365557765790,81,SUS,2011-05-27
86970275604,277420183091,81,ATV,2019-09-02
77691240341,703955439509,32,ATV,2015-12-20
47732069773,726314959745,81,ATV,2011-10-26
89007194674,316592589978,42,REV,2009-09-09
43262867926,417981714261,42,SUS,2021-04-28
19202255440,273826548305,32,ATV,2009-09-13
43059937320,693665623877,81,CES,2010-01-22
68579862310,877976616707,87,CES,2005-09-29
29152356515,583057952227,46,ATV,2012-04-07
37910743858,581738957754,46,ATV,2017-11-28
30084033959,223235537507,80,ATV,2023-10-25
24730889690,938802725277,32,ATV,2020-11-05
4481821140,476576841486,81,SUS,2015-10-01
88051335236,451175540479,31,ATV,2017-06-01